"","model.id","biobase.id","mDataType"
"88","X.1156.BG98","X-1156","RNASeq_FPKM"
"89","X.1156.biib","X-1156","RNASeq_FPKM"
"90","X.1156.BK20","X-1156","RNASeq_FPKM"
"91","X.1156.BK20.biib","X-1156","RNASeq_FPKM"
"92","X.1156.BY19","X-1156","RNASeq_FPKM"
"93","X.1156.BY19.LG47","X-1156","RNASeq_FPKM"
"94","X.1156.BY19.LJ16","X-1156","RNASeq_FPKM"
"95","X.1156.ceab","X-1156","RNASeq_FPKM"
"96","X.1156.CG97","X-1156","RNASeq_FPKM"
"97","X.1156.CK20","X-1156","RNASeq_FPKM"
"98","X.1156.CL57","X-1156","RNASeq_FPKM"
"99","X.1156.erib","X-1156","RNASeq_FPKM"
"100","X.1156.HD01","X-1156","RNASeq_FPKM"
"101","X.1156.HS90","X-1156","RNASeq_FPKM"
"102","X.1156.IN80","X-1156","RNASeq_FPKM"
"103","X.1156.LC61.pael","X-1156","RNASeq_FPKM"
"104","X.1156.LE11","X-1156","RNASeq_FPKM"
"105","X.1156.LF27.biib","X-1156","RNASeq_FPKM"
"106","X.1156.LG47","X-1156","RNASeq_FPKM"
"107","X.1156.LL71","X-1156","RNASeq_FPKM"
"108","X.1156.pael","X-1156","RNASeq_FPKM"
"109","X.1156.uned","X-1156","RNASeq_FPKM"
"132","X.1172.BG98","X-1172","RNASeq_FPKM"
"133","X.1172.biib","X-1172","RNASeq_FPKM"
"134","X.1172.BK20","X-1172","RNASeq_FPKM"
"135","X.1172.BK20.biib","X-1172","RNASeq_FPKM"
"136","X.1172.BY19","X-1172","RNASeq_FPKM"
"137","X.1172.BY19.LG47","X-1172","RNASeq_FPKM"
"138","X.1172.BY19.LJ16","X-1172","RNASeq_FPKM"
"139","X.1172.ceab","X-1172","RNASeq_FPKM"
"140","X.1172.CG97","X-1172","RNASeq_FPKM"
"141","X.1172.CK20","X-1172","RNASeq_FPKM"
"142","X.1172.CL57","X-1172","RNASeq_FPKM"
"143","X.1172.erib","X-1172","RNASeq_FPKM"
"144","X.1172.HD01","X-1172","RNASeq_FPKM"
"145","X.1172.HS90","X-1172","RNASeq_FPKM"
"146","X.1172.IN80","X-1172","RNASeq_FPKM"
"147","X.1172.LC61.pael","X-1172","RNASeq_FPKM"
"148","X.1172.LE11","X-1172","RNASeq_FPKM"
"149","X.1172.LF27.biib","X-1172","RNASeq_FPKM"
"150","X.1172.LG47","X-1172","RNASeq_FPKM"
"151","X.1172.LL71","X-1172","RNASeq_FPKM"
"152","X.1172.pael","X-1172","RNASeq_FPKM"
"153","X.1172.uned","X-1172","RNASeq_FPKM"
"307","X.1323.BG98","X-1323","RNASeq_FPKM"
"308","X.1323.biib","X-1323","RNASeq_FPKM"
"309","X.1323.BK20","X-1323","RNASeq_FPKM"
"310","X.1323.BK20.biib","X-1323","RNASeq_FPKM"
"311","X.1323.BY19","X-1323","RNASeq_FPKM"
"312","X.1323.BY19.LG47","X-1323","RNASeq_FPKM"
"313","X.1323.BY19.LJ16","X-1323","RNASeq_FPKM"
"314","X.1323.ceab","X-1323","RNASeq_FPKM"
"315","X.1323.CG97","X-1323","RNASeq_FPKM"
"316","X.1323.CK20","X-1323","RNASeq_FPKM"
"317","X.1323.CL57","X-1323","RNASeq_FPKM"
"318","X.1323.erib","X-1323","RNASeq_FPKM"
"319","X.1323.HD01","X-1323","RNASeq_FPKM"
"320","X.1323.HS90","X-1323","RNASeq_FPKM"
"321","X.1323.IN80","X-1323","RNASeq_FPKM"
"322","X.1323.LC61.pael","X-1323","RNASeq_FPKM"
"323","X.1323.LE11","X-1323","RNASeq_FPKM"
"324","X.1323.LF27.biib","X-1323","RNASeq_FPKM"
"325","X.1323.LG47","X-1323","RNASeq_FPKM"
"326","X.1323.LL71","X-1323","RNASeq_FPKM"
"327","X.1323.pael","X-1323","RNASeq_FPKM"
"328","X.1323.uned","X-1323","RNASeq_FPKM"
"458","X.1442.BG98","X-1442","RNASeq_FPKM"
"459","X.1442.biib","X-1442","RNASeq_FPKM"
"460","X.1442.BK20","X-1442","RNASeq_FPKM"
"461","X.1442.BK20.biib","X-1442","RNASeq_FPKM"
"462","X.1442.BY19","X-1442","RNASeq_FPKM"
"463","X.1442.BY19.LG47","X-1442","RNASeq_FPKM"
"464","X.1442.BY19.LJ16","X-1442","RNASeq_FPKM"
"465","X.1442.ceab","X-1442","RNASeq_FPKM"
"466","X.1442.CG97","X-1442","RNASeq_FPKM"
"467","X.1442.CK20","X-1442","RNASeq_FPKM"
"468","X.1442.CL57","X-1442","RNASeq_FPKM"
"469","X.1442.erib","X-1442","RNASeq_FPKM"
"470","X.1442.HD01","X-1442","RNASeq_FPKM"
"471","X.1442.HS90","X-1442","RNASeq_FPKM"
"472","X.1442.IN80","X-1442","RNASeq_FPKM"
"473","X.1442.LC61.pael","X-1442","RNASeq_FPKM"
"474","X.1442.LE11","X-1442","RNASeq_FPKM"
"475","X.1442.LG47","X-1442","RNASeq_FPKM"
"476","X.1442.LL71","X-1442","RNASeq_FPKM"
"477","X.1442.pael","X-1442","RNASeq_FPKM"
"478","X.1442.uned","X-1442","RNASeq_FPKM"
"544","X.1499.BG98","X-1499","RNASeq_FPKM"
"545","X.1499.biib","X-1499","RNASeq_FPKM"
"546","X.1499.BK20","X-1499","RNASeq_FPKM"
"547","X.1499.BK20.biib","X-1499","RNASeq_FPKM"
"548","X.1499.BY19","X-1499","RNASeq_FPKM"
"549","X.1499.BY19.LG47","X-1499","RNASeq_FPKM"
"550","X.1499.BY19.LJ16","X-1499","RNASeq_FPKM"
"551","X.1499.ceab","X-1499","RNASeq_FPKM"
"552","X.1499.CG97","X-1499","RNASeq_FPKM"
"553","X.1499.CK20","X-1499","RNASeq_FPKM"
"554","X.1499.CL57","X-1499","RNASeq_FPKM"
"555","X.1499.erib","X-1499","RNASeq_FPKM"
"556","X.1499.HD01","X-1499","RNASeq_FPKM"
"557","X.1499.HS90","X-1499","RNASeq_FPKM"
"558","X.1499.IN80","X-1499","RNASeq_FPKM"
"559","X.1499.LC61.pael","X-1499","RNASeq_FPKM"
"560","X.1499.LE11","X-1499","RNASeq_FPKM"
"561","X.1499.LF27.biib","X-1499","RNASeq_FPKM"
"562","X.1499.LG47","X-1499","RNASeq_FPKM"
"563","X.1499.LL71","X-1499","RNASeq_FPKM"
"564","X.1499.pael","X-1499","RNASeq_FPKM"
"565","X.1499.uned","X-1499","RNASeq_FPKM"
"615","X.1586.BG98","X-1586","RNASeq_FPKM"
"616","X.1586.biib","X-1586","RNASeq_FPKM"
"617","X.1586.BK20","X-1586","RNASeq_FPKM"
"618","X.1586.BK20.biib","X-1586","RNASeq_FPKM"
"619","X.1586.BY19","X-1586","RNASeq_FPKM"
"620","X.1586.BY19.LG47","X-1586","RNASeq_FPKM"
"621","X.1586.BY19.LJ16","X-1586","RNASeq_FPKM"
"622","X.1586.ceab","X-1586","RNASeq_FPKM"
"623","X.1586.CG97","X-1586","RNASeq_FPKM"
"624","X.1586.CK20","X-1586","RNASeq_FPKM"
"625","X.1586.CL57","X-1586","RNASeq_FPKM"
"626","X.1586.erib","X-1586","RNASeq_FPKM"
"627","X.1586.HD01","X-1586","RNASeq_FPKM"
"628","X.1586.HS90","X-1586","RNASeq_FPKM"
"629","X.1586.IN80","X-1586","RNASeq_FPKM"
"630","X.1586.LC61.pael","X-1586","RNASeq_FPKM"
"631","X.1586.LE11","X-1586","RNASeq_FPKM"
"632","X.1586.LF27.biib","X-1586","RNASeq_FPKM"
"633","X.1586.LG47","X-1586","RNASeq_FPKM"
"634","X.1586.LL71","X-1586","RNASeq_FPKM"
"635","X.1586.pael","X-1586","RNASeq_FPKM"
"636","X.1586.uned","X-1586","RNASeq_FPKM"
"696","X.1658.BG98","X-1658","RNASeq_FPKM"
"697","X.1658.biib","X-1658","RNASeq_FPKM"
"698","X.1658.BK20","X-1658","RNASeq_FPKM"
"699","X.1658.BK20.biib","X-1658","RNASeq_FPKM"
"700","X.1658.BY19","X-1658","RNASeq_FPKM"
"701","X.1658.BY19.LG47","X-1658","RNASeq_FPKM"
"702","X.1658.BY19.LJ16","X-1658","RNASeq_FPKM"
"703","X.1658.ceab","X-1658","RNASeq_FPKM"
"704","X.1658.CG97","X-1658","RNASeq_FPKM"
"705","X.1658.CK20","X-1658","RNASeq_FPKM"
"706","X.1658.CL57","X-1658","RNASeq_FPKM"
"707","X.1658.erib","X-1658","RNASeq_FPKM"
"708","X.1658.HD01","X-1658","RNASeq_FPKM"
"709","X.1658.HS90","X-1658","RNASeq_FPKM"
"710","X.1658.IN80","X-1658","RNASeq_FPKM"
"711","X.1658.LC61.pael","X-1658","RNASeq_FPKM"
"712","X.1658.LE11","X-1658","RNASeq_FPKM"
"713","X.1658.LF27.biib","X-1658","RNASeq_FPKM"
"714","X.1658.LG47","X-1658","RNASeq_FPKM"
"715","X.1658.LL71","X-1658","RNASeq_FPKM"
"716","X.1658.pael","X-1658","RNASeq_FPKM"
"717","X.1658.uned","X-1658","RNASeq_FPKM"
"718","X.1683.BG98","X-1683","RNASeq_FPKM"
"719","X.1683.biib","X-1683","RNASeq_FPKM"
"720","X.1683.BK20","X-1683","RNASeq_FPKM"
"721","X.1683.BK20.biib","X-1683","RNASeq_FPKM"
"722","X.1683.BY19","X-1683","RNASeq_FPKM"
"723","X.1683.BY19.LG47","X-1683","RNASeq_FPKM"
"724","X.1683.BY19.LJ16","X-1683","RNASeq_FPKM"
"725","X.1683.ceab","X-1683","RNASeq_FPKM"
"726","X.1683.CG97","X-1683","RNASeq_FPKM"
"727","X.1683.CK20","X-1683","RNASeq_FPKM"
"728","X.1683.CL57","X-1683","RNASeq_FPKM"
"729","X.1683.erib","X-1683","RNASeq_FPKM"
"730","X.1683.HD01","X-1683","RNASeq_FPKM"
"731","X.1683.HS90","X-1683","RNASeq_FPKM"
"732","X.1683.IN80","X-1683","RNASeq_FPKM"
"733","X.1683.LC61.pael","X-1683","RNASeq_FPKM"
"734","X.1683.LE11","X-1683","RNASeq_FPKM"
"735","X.1683.LG47","X-1683","RNASeq_FPKM"
"736","X.1683.LL71","X-1683","RNASeq_FPKM"
"737","X.1683.pael","X-1683","RNASeq_FPKM"
"738","X.1683.uned","X-1683","RNASeq_FPKM"
"739","X.1725.BG98","X-1725","RNASeq_FPKM"
"740","X.1725.biib","X-1725","RNASeq_FPKM"
"741","X.1725.BK20","X-1725","RNASeq_FPKM"
"742","X.1725.BK20.biib","X-1725","RNASeq_FPKM"
"743","X.1725.BY19","X-1725","RNASeq_FPKM"
"744","X.1725.BY19.LG47","X-1725","RNASeq_FPKM"
"745","X.1725.BY19.LJ16","X-1725","RNASeq_FPKM"
"746","X.1725.ceab","X-1725","RNASeq_FPKM"
"747","X.1725.CG97","X-1725","RNASeq_FPKM"
"748","X.1725.CK20","X-1725","RNASeq_FPKM"
"749","X.1725.CL57","X-1725","RNASeq_FPKM"
"750","X.1725.erib","X-1725","RNASeq_FPKM"
"751","X.1725.HD01","X-1725","RNASeq_FPKM"
"752","X.1725.HS90","X-1725","RNASeq_FPKM"
"753","X.1725.IN80","X-1725","RNASeq_FPKM"
"754","X.1725.LC61.pael","X-1725","RNASeq_FPKM"
"755","X.1725.LE11","X-1725","RNASeq_FPKM"
"756","X.1725.LF27.biib","X-1725","RNASeq_FPKM"
"757","X.1725.LG47","X-1725","RNASeq_FPKM"
"758","X.1725.LL71","X-1725","RNASeq_FPKM"
"759","X.1725.pael","X-1725","RNASeq_FPKM"
"760","X.1725.uned","X-1725","RNASeq_FPKM"
"761","X.1787.BG98","X-1787","RNASeq_FPKM"
"762","X.1787.biib","X-1787","RNASeq_FPKM"
"763","X.1787.BK20","X-1787","RNASeq_FPKM"
"764","X.1787.BK20.biib","X-1787","RNASeq_FPKM"
"765","X.1787.BY19","X-1787","RNASeq_FPKM"
"766","X.1787.BY19.LG47","X-1787","RNASeq_FPKM"
"767","X.1787.BY19.LJ16","X-1787","RNASeq_FPKM"
"768","X.1787.ceab","X-1787","RNASeq_FPKM"
"769","X.1787.CG97","X-1787","RNASeq_FPKM"
"770","X.1787.CK20","X-1787","RNASeq_FPKM"
"771","X.1787.CL57","X-1787","RNASeq_FPKM"
"772","X.1787.erib","X-1787","RNASeq_FPKM"
"773","X.1787.HD01","X-1787","RNASeq_FPKM"
"774","X.1787.HS90","X-1787","RNASeq_FPKM"
"775","X.1787.IN80","X-1787","RNASeq_FPKM"
"776","X.1787.LC61.pael","X-1787","RNASeq_FPKM"
"777","X.1787.LE11","X-1787","RNASeq_FPKM"
"778","X.1787.LF27.biib","X-1787","RNASeq_FPKM"
"779","X.1787.LG47","X-1787","RNASeq_FPKM"
"780","X.1787.LL71","X-1787","RNASeq_FPKM"
"781","X.1787.pael","X-1787","RNASeq_FPKM"
"782","X.1787.uned","X-1787","RNASeq_FPKM"
"783","X.1795.LF27.biib","X-1795","RNASeq_FPKM"
"784","X.1823.BG98","X-1823","RNASeq_FPKM"
"785","X.1823.biib","X-1823","RNASeq_FPKM"
"786","X.1823.BK20","X-1823","RNASeq_FPKM"
"787","X.1823.BK20.biib","X-1823","RNASeq_FPKM"
"788","X.1823.BY19","X-1823","RNASeq_FPKM"
"789","X.1823.BY19.LG47","X-1823","RNASeq_FPKM"
"790","X.1823.BY19.LJ16","X-1823","RNASeq_FPKM"
"791","X.1823.ceab","X-1823","RNASeq_FPKM"
"792","X.1823.CG97","X-1823","RNASeq_FPKM"
"793","X.1823.CK20","X-1823","RNASeq_FPKM"
"794","X.1823.CL57","X-1823","RNASeq_FPKM"
"795","X.1823.erib","X-1823","RNASeq_FPKM"
"796","X.1823.HD01","X-1823","RNASeq_FPKM"
"797","X.1823.HS90","X-1823","RNASeq_FPKM"
"798","X.1823.IN80","X-1823","RNASeq_FPKM"
"799","X.1823.LC61.pael","X-1823","RNASeq_FPKM"
"800","X.1823.LE11","X-1823","RNASeq_FPKM"
"801","X.1823.LF27.biib","X-1823","RNASeq_FPKM"
"802","X.1823.LG47","X-1823","RNASeq_FPKM"
"803","X.1823.LL71","X-1823","RNASeq_FPKM"
"804","X.1823.pael","X-1823","RNASeq_FPKM"
"805","X.1823.uned","X-1823","RNASeq_FPKM"
"849","X.1834.BG98","X-1834","RNASeq_FPKM"
"850","X.1834.biib","X-1834","RNASeq_FPKM"
"851","X.1834.BK20","X-1834","RNASeq_FPKM"
"852","X.1834.BK20.biib","X-1834","RNASeq_FPKM"
"853","X.1834.BY19","X-1834","RNASeq_FPKM"
"854","X.1834.BY19.LG47","X-1834","RNASeq_FPKM"
"855","X.1834.BY19.LJ16","X-1834","RNASeq_FPKM"
"856","X.1834.ceab","X-1834","RNASeq_FPKM"
"857","X.1834.CG97","X-1834","RNASeq_FPKM"
"858","X.1834.CK20","X-1834","RNASeq_FPKM"
"859","X.1834.CL57","X-1834","RNASeq_FPKM"
"860","X.1834.erib","X-1834","RNASeq_FPKM"
"861","X.1834.HD01","X-1834","RNASeq_FPKM"
"862","X.1834.HS90","X-1834","RNASeq_FPKM"
"863","X.1834.IN80","X-1834","RNASeq_FPKM"
"864","X.1834.LC61.pael","X-1834","RNASeq_FPKM"
"865","X.1834.LE11","X-1834","RNASeq_FPKM"
"866","X.1834.LF27.biib","X-1834","RNASeq_FPKM"
"867","X.1834.LG47","X-1834","RNASeq_FPKM"
"868","X.1834.LL71","X-1834","RNASeq_FPKM"
"869","X.1834.pael","X-1834","RNASeq_FPKM"
"870","X.1834.uned","X-1834","RNASeq_FPKM"
"871","X.1835.BG98","X-1835","RNASeq_FPKM"
"872","X.1835.biib","X-1835","RNASeq_FPKM"
"873","X.1835.BK20","X-1835","RNASeq_FPKM"
"874","X.1835.BK20.biib","X-1835","RNASeq_FPKM"
"875","X.1835.BY19","X-1835","RNASeq_FPKM"
"876","X.1835.BY19.LG47","X-1835","RNASeq_FPKM"
"877","X.1835.BY19.LJ16","X-1835","RNASeq_FPKM"
"878","X.1835.ceab","X-1835","RNASeq_FPKM"
"879","X.1835.CG97","X-1835","RNASeq_FPKM"
"880","X.1835.CK20","X-1835","RNASeq_FPKM"
"881","X.1835.CL57","X-1835","RNASeq_FPKM"
"882","X.1835.erib","X-1835","RNASeq_FPKM"
"883","X.1835.HD01","X-1835","RNASeq_FPKM"
"884","X.1835.HS90","X-1835","RNASeq_FPKM"
"885","X.1835.IN80","X-1835","RNASeq_FPKM"
"886","X.1835.LC61.pael","X-1835","RNASeq_FPKM"
"887","X.1835.LE11","X-1835","RNASeq_FPKM"
"888","X.1835.LF27.biib","X-1835","RNASeq_FPKM"
"889","X.1835.LG47","X-1835","RNASeq_FPKM"
"890","X.1835.LL71","X-1835","RNASeq_FPKM"
"891","X.1835.pael","X-1835","RNASeq_FPKM"
"892","X.1835.uned","X-1835","RNASeq_FPKM"
"975","X.1934.BG98","X-1934","RNASeq_FPKM"
"976","X.1934.biib","X-1934","RNASeq_FPKM"
"977","X.1934.BK20","X-1934","RNASeq_FPKM"
"978","X.1934.BK20.biib","X-1934","RNASeq_FPKM"
"979","X.1934.BY19","X-1934","RNASeq_FPKM"
"980","X.1934.BY19.LG47","X-1934","RNASeq_FPKM"
"981","X.1934.BY19.LJ16","X-1934","RNASeq_FPKM"
"982","X.1934.ceab","X-1934","RNASeq_FPKM"
"983","X.1934.CG97","X-1934","RNASeq_FPKM"
"984","X.1934.CK20","X-1934","RNASeq_FPKM"
"985","X.1934.CL57","X-1934","RNASeq_FPKM"
"986","X.1934.erib","X-1934","RNASeq_FPKM"
"987","X.1934.HD01","X-1934","RNASeq_FPKM"
"988","X.1934.HS90","X-1934","RNASeq_FPKM"
"989","X.1934.IN80","X-1934","RNASeq_FPKM"
"990","X.1934.LC61.pael","X-1934","RNASeq_FPKM"
"991","X.1934.LE11","X-1934","RNASeq_FPKM"
"992","X.1934.LF27.biib","X-1934","RNASeq_FPKM"
"993","X.1934.LG47","X-1934","RNASeq_FPKM"
"994","X.1934.LL71","X-1934","RNASeq_FPKM"
"995","X.1934.pael","X-1934","RNASeq_FPKM"
"996","X.1934.uned","X-1934","RNASeq_FPKM"
"1022","X.1979.LF27.biib","X-1979","RNASeq_FPKM"
"1023","X.1980.BG98","X-1980","RNASeq_FPKM"
"1024","X.1980.biib","X-1980","RNASeq_FPKM"
"1025","X.1980.BK20","X-1980","RNASeq_FPKM"
"1026","X.1980.BK20.biib","X-1980","RNASeq_FPKM"
"1027","X.1980.BY19","X-1980","RNASeq_FPKM"
"1028","X.1980.BY19.LG47","X-1980","RNASeq_FPKM"
"1029","X.1980.BY19.LJ16","X-1980","RNASeq_FPKM"
"1030","X.1980.ceab","X-1980","RNASeq_FPKM"
"1031","X.1980.CG97","X-1980","RNASeq_FPKM"
"1032","X.1980.CK20","X-1980","RNASeq_FPKM"
"1033","X.1980.CL57","X-1980","RNASeq_FPKM"
"1034","X.1980.erib","X-1980","RNASeq_FPKM"
"1035","X.1980.HD01","X-1980","RNASeq_FPKM"
"1036","X.1980.HS90","X-1980","RNASeq_FPKM"
"1037","X.1980.IN80","X-1980","RNASeq_FPKM"
"1038","X.1980.LC61.pael","X-1980","RNASeq_FPKM"
"1039","X.1980.LE11","X-1980","RNASeq_FPKM"
"1040","X.1980.LF27.biib","X-1980","RNASeq_FPKM"
"1041","X.1980.LG47","X-1980","RNASeq_FPKM"
"1042","X.1980.LL71","X-1980","RNASeq_FPKM"
"1043","X.1980.pael","X-1980","RNASeq_FPKM"
"1044","X.1980.uned","X-1980","RNASeq_FPKM"
"1045","X.1993.BG98","X-1993","RNASeq_FPKM"
"1046","X.1993.biib","X-1993","RNASeq_FPKM"
"1047","X.1993.BK20","X-1993","RNASeq_FPKM"
"1048","X.1993.BK20.biib","X-1993","RNASeq_FPKM"
"1049","X.1993.BY19","X-1993","RNASeq_FPKM"
"1050","X.1993.BY19.LG47","X-1993","RNASeq_FPKM"
"1051","X.1993.BY19.LJ16","X-1993","RNASeq_FPKM"
"1052","X.1993.ceab","X-1993","RNASeq_FPKM"
"1053","X.1993.CG97","X-1993","RNASeq_FPKM"
"1054","X.1993.CK20","X-1993","RNASeq_FPKM"
"1055","X.1993.CL57","X-1993","RNASeq_FPKM"
"1056","X.1993.erib","X-1993","RNASeq_FPKM"
"1057","X.1993.HD01","X-1993","RNASeq_FPKM"
"1058","X.1993.HS90","X-1993","RNASeq_FPKM"
"1059","X.1993.IN80","X-1993","RNASeq_FPKM"
"1060","X.1993.LC61.pael","X-1993","RNASeq_FPKM"
"1061","X.1993.LE11","X-1993","RNASeq_FPKM"
"1062","X.1993.LF27.biib","X-1993","RNASeq_FPKM"
"1063","X.1993.LG47","X-1993","RNASeq_FPKM"
"1064","X.1993.LL71","X-1993","RNASeq_FPKM"
"1065","X.1993.pael","X-1993","RNASeq_FPKM"
"1066","X.1993.uned","X-1993","RNASeq_FPKM"
"1067","X.2017.BG98","X-2017","RNASeq_FPKM"
"1068","X.2017.biib","X-2017","RNASeq_FPKM"
"1069","X.2017.BK20","X-2017","RNASeq_FPKM"
"1070","X.2017.BK20.biib","X-2017","RNASeq_FPKM"
"1071","X.2017.BY19","X-2017","RNASeq_FPKM"
"1072","X.2017.BY19.LG47","X-2017","RNASeq_FPKM"
"1073","X.2017.BY19.LJ16","X-2017","RNASeq_FPKM"
"1074","X.2017.ceab","X-2017","RNASeq_FPKM"
"1075","X.2017.CG97","X-2017","RNASeq_FPKM"
"1076","X.2017.CK20","X-2017","RNASeq_FPKM"
"1077","X.2017.CL57","X-2017","RNASeq_FPKM"
"1078","X.2017.erib","X-2017","RNASeq_FPKM"
"1079","X.2017.HD01","X-2017","RNASeq_FPKM"
"1080","X.2017.HS90","X-2017","RNASeq_FPKM"
"1081","X.2017.IN80","X-2017","RNASeq_FPKM"
"1082","X.2017.LC61.pael","X-2017","RNASeq_FPKM"
"1083","X.2017.LE11","X-2017","RNASeq_FPKM"
"1084","X.2017.LF27.biib","X-2017","RNASeq_FPKM"
"1085","X.2017.LG47","X-2017","RNASeq_FPKM"
"1086","X.2017.LL71","X-2017","RNASeq_FPKM"
"1087","X.2017.pael","X-2017","RNASeq_FPKM"
"1088","X.2017.uned","X-2017","RNASeq_FPKM"
"1104","X.2042.BG98","X-2042","RNASeq_FPKM"
"1105","X.2042.biib","X-2042","RNASeq_FPKM"
"1106","X.2042.BK20","X-2042","RNASeq_FPKM"
"1107","X.2042.BK20.biib","X-2042","RNASeq_FPKM"
"1108","X.2042.BY19","X-2042","RNASeq_FPKM"
"1109","X.2042.BY19.LG47","X-2042","RNASeq_FPKM"
"1110","X.2042.BY19.LJ16","X-2042","RNASeq_FPKM"
"1111","X.2042.ceab","X-2042","RNASeq_FPKM"
"1112","X.2042.CG97","X-2042","RNASeq_FPKM"
"1113","X.2042.CK20","X-2042","RNASeq_FPKM"
"1114","X.2042.CL57","X-2042","RNASeq_FPKM"
"1115","X.2042.erib","X-2042","RNASeq_FPKM"
"1116","X.2042.HD01","X-2042","RNASeq_FPKM"
"1117","X.2042.HS90","X-2042","RNASeq_FPKM"
"1118","X.2042.IN80","X-2042","RNASeq_FPKM"
"1119","X.2042.LC61.pael","X-2042","RNASeq_FPKM"
"1120","X.2042.LE11","X-2042","RNASeq_FPKM"
"1121","X.2042.LF27.biib","X-2042","RNASeq_FPKM"
"1122","X.2042.LG47","X-2042","RNASeq_FPKM"
"1123","X.2042.LL71","X-2042","RNASeq_FPKM"
"1124","X.2042.pael","X-2042","RNASeq_FPKM"
"1125","X.2042.uned","X-2042","RNASeq_FPKM"
"1162","X.2082.BG98","X-2082","RNASeq_FPKM"
"1163","X.2082.biib","X-2082","RNASeq_FPKM"
"1164","X.2082.BK20","X-2082","RNASeq_FPKM"
"1165","X.2082.BK20.biib","X-2082","RNASeq_FPKM"
"1166","X.2082.BY19","X-2082","RNASeq_FPKM"
"1167","X.2082.BY19.LG47","X-2082","RNASeq_FPKM"
"1168","X.2082.BY19.LJ16","X-2082","RNASeq_FPKM"
"1169","X.2082.ceab","X-2082","RNASeq_FPKM"
"1170","X.2082.CG97","X-2082","RNASeq_FPKM"
"1171","X.2082.CK20","X-2082","RNASeq_FPKM"
"1172","X.2082.CL57","X-2082","RNASeq_FPKM"
"1173","X.2082.erib","X-2082","RNASeq_FPKM"
"1174","X.2082.HD01","X-2082","RNASeq_FPKM"
"1175","X.2082.HS90","X-2082","RNASeq_FPKM"
"1176","X.2082.IN80","X-2082","RNASeq_FPKM"
"1177","X.2082.LC61.pael","X-2082","RNASeq_FPKM"
"1178","X.2082.LE11","X-2082","RNASeq_FPKM"
"1179","X.2082.LF27.biib","X-2082","RNASeq_FPKM"
"1180","X.2082.LG47","X-2082","RNASeq_FPKM"
"1181","X.2082.LL71","X-2082","RNASeq_FPKM"
"1182","X.2082.pael","X-2082","RNASeq_FPKM"
"1183","X.2082.uned","X-2082","RNASeq_FPKM"
"1184","X.2088.BG98","X-2088","RNASeq_FPKM"
"1185","X.2088.biib","X-2088","RNASeq_FPKM"
"1186","X.2088.BK20","X-2088","RNASeq_FPKM"
"1187","X.2088.BK20.biib","X-2088","RNASeq_FPKM"
"1188","X.2088.BY19","X-2088","RNASeq_FPKM"
"1189","X.2088.BY19.LG47","X-2088","RNASeq_FPKM"
"1190","X.2088.BY19.LJ16","X-2088","RNASeq_FPKM"
"1191","X.2088.ceab","X-2088","RNASeq_FPKM"
"1192","X.2088.CG97","X-2088","RNASeq_FPKM"
"1193","X.2088.CK20","X-2088","RNASeq_FPKM"
"1194","X.2088.CL57","X-2088","RNASeq_FPKM"
"1195","X.2088.erib","X-2088","RNASeq_FPKM"
"1196","X.2088.HD01","X-2088","RNASeq_FPKM"
"1197","X.2088.HS90","X-2088","RNASeq_FPKM"
"1198","X.2088.IN80","X-2088","RNASeq_FPKM"
"1199","X.2088.LC61.pael","X-2088","RNASeq_FPKM"
"1200","X.2088.LE11","X-2088","RNASeq_FPKM"
"1201","X.2088.LF27.biib","X-2088","RNASeq_FPKM"
"1202","X.2088.LG47","X-2088","RNASeq_FPKM"
"1203","X.2088.LL71","X-2088","RNASeq_FPKM"
"1204","X.2088.uned","X-2088","RNASeq_FPKM"
"1205","X.2094.BG98","X-2094","RNASeq_FPKM"
"1206","X.2094.biib","X-2094","RNASeq_FPKM"
"1207","X.2094.BK20","X-2094","RNASeq_FPKM"
"1208","X.2094.BK20.biib","X-2094","RNASeq_FPKM"
"1209","X.2094.BY19","X-2094","RNASeq_FPKM"
"1210","X.2094.BY19.LG47","X-2094","RNASeq_FPKM"
"1211","X.2094.BY19.LJ16","X-2094","RNASeq_FPKM"
"1212","X.2094.ceab","X-2094","RNASeq_FPKM"
"1213","X.2094.CG97","X-2094","RNASeq_FPKM"
"1214","X.2094.CK20","X-2094","RNASeq_FPKM"
"1215","X.2094.CL57","X-2094","RNASeq_FPKM"
"1216","X.2094.erib","X-2094","RNASeq_FPKM"
"1217","X.2094.HD01","X-2094","RNASeq_FPKM"
"1218","X.2094.HS90","X-2094","RNASeq_FPKM"
"1219","X.2094.IN80","X-2094","RNASeq_FPKM"
"1220","X.2094.LC61.pael","X-2094","RNASeq_FPKM"
"1221","X.2094.LE11","X-2094","RNASeq_FPKM"
"1222","X.2094.LF27.biib","X-2094","RNASeq_FPKM"
"1223","X.2094.LG47","X-2094","RNASeq_FPKM"
"1224","X.2094.LL71","X-2094","RNASeq_FPKM"
"1225","X.2094.pael","X-2094","RNASeq_FPKM"
"1226","X.2094.uned","X-2094","RNASeq_FPKM"
"1967","X.3029.BG98","X-3029","RNASeq_FPKM"
"1968","X.3029.biib","X-3029","RNASeq_FPKM"
"1969","X.3029.BK20","X-3029","RNASeq_FPKM"
"1970","X.3029.BK20.biib","X-3029","RNASeq_FPKM"
"1971","X.3029.BY19","X-3029","RNASeq_FPKM"
"1972","X.3029.BY19.LG47","X-3029","RNASeq_FPKM"
"1973","X.3029.BY19.LJ16","X-3029","RNASeq_FPKM"
"1974","X.3029.ceab","X-3029","RNASeq_FPKM"
"1975","X.3029.CG97","X-3029","RNASeq_FPKM"
"1976","X.3029.CK20","X-3029","RNASeq_FPKM"
"1977","X.3029.CL57","X-3029","RNASeq_FPKM"
"1978","X.3029.erib","X-3029","RNASeq_FPKM"
"1979","X.3029.HD01","X-3029","RNASeq_FPKM"
"1980","X.3029.HS90","X-3029","RNASeq_FPKM"
"1981","X.3029.IN80","X-3029","RNASeq_FPKM"
"1982","X.3029.LC61.pael","X-3029","RNASeq_FPKM"
"1983","X.3029.LE11","X-3029","RNASeq_FPKM"
"1984","X.3029.LG47","X-3029","RNASeq_FPKM"
"1985","X.3029.LL71","X-3029","RNASeq_FPKM"
"1986","X.3029.pael","X-3029","RNASeq_FPKM"
"1987","X.3029.uned","X-3029","RNASeq_FPKM"
"2191","X.3237.BG98","X-3237","RNASeq_FPKM"
"2192","X.3237.biib","X-3237","RNASeq_FPKM"
"2193","X.3237.BK20","X-3237","RNASeq_FPKM"
"2194","X.3237.BK20.biib","X-3237","RNASeq_FPKM"
"2195","X.3237.BY19","X-3237","RNASeq_FPKM"
"2196","X.3237.BY19.LG47","X-3237","RNASeq_FPKM"
"2197","X.3237.BY19.LJ16","X-3237","RNASeq_FPKM"
"2198","X.3237.ceab","X-3237","RNASeq_FPKM"
"2199","X.3237.CG97","X-3237","RNASeq_FPKM"
"2200","X.3237.CK20","X-3237","RNASeq_FPKM"
"2201","X.3237.CL57","X-3237","RNASeq_FPKM"
"2202","X.3237.erib","X-3237","RNASeq_FPKM"
"2203","X.3237.HD01","X-3237","RNASeq_FPKM"
"2204","X.3237.HS90","X-3237","RNASeq_FPKM"
"2205","X.3237.IN80","X-3237","RNASeq_FPKM"
"2206","X.3237.LC61.pael","X-3237","RNASeq_FPKM"
"2207","X.3237.LE11","X-3237","RNASeq_FPKM"
"2208","X.3237.LF27.biib","X-3237","RNASeq_FPKM"
"2209","X.3237.LG47","X-3237","RNASeq_FPKM"
"2210","X.3237.LL71","X-3237","RNASeq_FPKM"
"2211","X.3237.pael","X-3237","RNASeq_FPKM"
"2212","X.3237.uned","X-3237","RNASeq_FPKM"
"2511","X.3843.BG98","X-3843","RNASeq_FPKM"
"2512","X.3843.biib","X-3843","RNASeq_FPKM"
"2513","X.3843.BK20","X-3843","RNASeq_FPKM"
"2514","X.3843.BK20.biib","X-3843","RNASeq_FPKM"
"2515","X.3843.BY19","X-3843","RNASeq_FPKM"
"2516","X.3843.BY19.LG47","X-3843","RNASeq_FPKM"
"2517","X.3843.BY19.LJ16","X-3843","RNASeq_FPKM"
"2518","X.3843.ceab","X-3843","RNASeq_FPKM"
"2519","X.3843.CG97","X-3843","RNASeq_FPKM"
"2520","X.3843.CK20","X-3843","RNASeq_FPKM"
"2521","X.3843.CL57","X-3843","RNASeq_FPKM"
"2522","X.3843.erib","X-3843","RNASeq_FPKM"
"2523","X.3843.HD01","X-3843","RNASeq_FPKM"
"2524","X.3843.HS90","X-3843","RNASeq_FPKM"
"2525","X.3843.IN80","X-3843","RNASeq_FPKM"
"2526","X.3843.LC61.pael","X-3843","RNASeq_FPKM"
"2527","X.3843.LE11","X-3843","RNASeq_FPKM"
"2528","X.3843.LF27.biib","X-3843","RNASeq_FPKM"
"2529","X.3843.LG47","X-3843","RNASeq_FPKM"
"2530","X.3843.LL71","X-3843","RNASeq_FPKM"
"2531","X.3843.pael","X-3843","RNASeq_FPKM"
"2532","X.3843.uned","X-3843","RNASeq_FPKM"
"3043","X.4819.BG98","X-4819","RNASeq_FPKM"
"3044","X.4819.biib","X-4819","RNASeq_FPKM"
"3045","X.4819.BK20","X-4819","RNASeq_FPKM"
"3046","X.4819.BK20.biib","X-4819","RNASeq_FPKM"
"3047","X.4819.BY19","X-4819","RNASeq_FPKM"
"3048","X.4819.BY19.LG47","X-4819","RNASeq_FPKM"
"3049","X.4819.BY19.LJ16","X-4819","RNASeq_FPKM"
"3050","X.4819.ceab","X-4819","RNASeq_FPKM"
"3051","X.4819.CG97","X-4819","RNASeq_FPKM"
"3052","X.4819.CK20","X-4819","RNASeq_FPKM"
"3053","X.4819.CL57","X-4819","RNASeq_FPKM"
"3054","X.4819.erib","X-4819","RNASeq_FPKM"
"3055","X.4819.HD01","X-4819","RNASeq_FPKM"
"3056","X.4819.HS90","X-4819","RNASeq_FPKM"
"3057","X.4819.IN80","X-4819","RNASeq_FPKM"
"3058","X.4819.LC61.pael","X-4819","RNASeq_FPKM"
"3059","X.4819.LE11","X-4819","RNASeq_FPKM"
"3060","X.4819.LF27.biib","X-4819","RNASeq_FPKM"
"3061","X.4819.LG47","X-4819","RNASeq_FPKM"
"3062","X.4819.LL71","X-4819","RNASeq_FPKM"
"3063","X.4819.pael","X-4819","RNASeq_FPKM"
"3064","X.4819.uned","X-4819","RNASeq_FPKM"
"3558","X.1156.BG98","X-1156","RNASeq"
"3559","X.1156.biib","X-1156","RNASeq"
"3560","X.1156.BK20","X-1156","RNASeq"
"3561","X.1156.BK20.biib","X-1156","RNASeq"
"3562","X.1156.BY19","X-1156","RNASeq"
"3563","X.1156.BY19.LG47","X-1156","RNASeq"
"3564","X.1156.BY19.LJ16","X-1156","RNASeq"
"3565","X.1156.ceab","X-1156","RNASeq"
"3566","X.1156.CG97","X-1156","RNASeq"
"3567","X.1156.CK20","X-1156","RNASeq"
"3568","X.1156.CL57","X-1156","RNASeq"
"3569","X.1156.erib","X-1156","RNASeq"
"3570","X.1156.HD01","X-1156","RNASeq"
"3571","X.1156.HS90","X-1156","RNASeq"
"3572","X.1156.IN80","X-1156","RNASeq"
"3573","X.1156.LC61.pael","X-1156","RNASeq"
"3574","X.1156.LE11","X-1156","RNASeq"
"3575","X.1156.LF27.biib","X-1156","RNASeq"
"3576","X.1156.LG47","X-1156","RNASeq"
"3577","X.1156.LL71","X-1156","RNASeq"
"3578","X.1156.pael","X-1156","RNASeq"
"3579","X.1156.uned","X-1156","RNASeq"
"3602","X.1172.BG98","X-1172","RNASeq"
"3603","X.1172.biib","X-1172","RNASeq"
"3604","X.1172.BK20","X-1172","RNASeq"
"3605","X.1172.BK20.biib","X-1172","RNASeq"
"3606","X.1172.BY19","X-1172","RNASeq"
"3607","X.1172.BY19.LG47","X-1172","RNASeq"
"3608","X.1172.BY19.LJ16","X-1172","RNASeq"
"3609","X.1172.ceab","X-1172","RNASeq"
"3610","X.1172.CG97","X-1172","RNASeq"
"3611","X.1172.CK20","X-1172","RNASeq"
"3612","X.1172.CL57","X-1172","RNASeq"
"3613","X.1172.erib","X-1172","RNASeq"
"3614","X.1172.HD01","X-1172","RNASeq"
"3615","X.1172.HS90","X-1172","RNASeq"
"3616","X.1172.IN80","X-1172","RNASeq"
"3617","X.1172.LC61.pael","X-1172","RNASeq"
"3618","X.1172.LE11","X-1172","RNASeq"
"3619","X.1172.LF27.biib","X-1172","RNASeq"
"3620","X.1172.LG47","X-1172","RNASeq"
"3621","X.1172.LL71","X-1172","RNASeq"
"3622","X.1172.pael","X-1172","RNASeq"
"3623","X.1172.uned","X-1172","RNASeq"
"3777","X.1323.BG98","X-1323","RNASeq"
"3778","X.1323.biib","X-1323","RNASeq"
"3779","X.1323.BK20","X-1323","RNASeq"
"3780","X.1323.BK20.biib","X-1323","RNASeq"
"3781","X.1323.BY19","X-1323","RNASeq"
"3782","X.1323.BY19.LG47","X-1323","RNASeq"
"3783","X.1323.BY19.LJ16","X-1323","RNASeq"
"3784","X.1323.ceab","X-1323","RNASeq"
"3785","X.1323.CG97","X-1323","RNASeq"
"3786","X.1323.CK20","X-1323","RNASeq"
"3787","X.1323.CL57","X-1323","RNASeq"
"3788","X.1323.erib","X-1323","RNASeq"
"3789","X.1323.HD01","X-1323","RNASeq"
"3790","X.1323.HS90","X-1323","RNASeq"
"3791","X.1323.IN80","X-1323","RNASeq"
"3792","X.1323.LC61.pael","X-1323","RNASeq"
"3793","X.1323.LE11","X-1323","RNASeq"
"3794","X.1323.LF27.biib","X-1323","RNASeq"
"3795","X.1323.LG47","X-1323","RNASeq"
"3796","X.1323.LL71","X-1323","RNASeq"
"3797","X.1323.pael","X-1323","RNASeq"
"3798","X.1323.uned","X-1323","RNASeq"
"3928","X.1442.BG98","X-1442","RNASeq"
"3929","X.1442.biib","X-1442","RNASeq"
"3930","X.1442.BK20","X-1442","RNASeq"
"3931","X.1442.BK20.biib","X-1442","RNASeq"
"3932","X.1442.BY19","X-1442","RNASeq"
"3933","X.1442.BY19.LG47","X-1442","RNASeq"
"3934","X.1442.BY19.LJ16","X-1442","RNASeq"
"3935","X.1442.ceab","X-1442","RNASeq"
"3936","X.1442.CG97","X-1442","RNASeq"
"3937","X.1442.CK20","X-1442","RNASeq"
"3938","X.1442.CL57","X-1442","RNASeq"
"3939","X.1442.erib","X-1442","RNASeq"
"3940","X.1442.HD01","X-1442","RNASeq"
"3941","X.1442.HS90","X-1442","RNASeq"
"3942","X.1442.IN80","X-1442","RNASeq"
"3943","X.1442.LC61.pael","X-1442","RNASeq"
"3944","X.1442.LE11","X-1442","RNASeq"
"3945","X.1442.LG47","X-1442","RNASeq"
"3946","X.1442.LL71","X-1442","RNASeq"
"3947","X.1442.pael","X-1442","RNASeq"
"3948","X.1442.uned","X-1442","RNASeq"
"4014","X.1499.BG98","X-1499","RNASeq"
"4015","X.1499.biib","X-1499","RNASeq"
"4016","X.1499.BK20","X-1499","RNASeq"
"4017","X.1499.BK20.biib","X-1499","RNASeq"
"4018","X.1499.BY19","X-1499","RNASeq"
"4019","X.1499.BY19.LG47","X-1499","RNASeq"
"4020","X.1499.BY19.LJ16","X-1499","RNASeq"
"4021","X.1499.ceab","X-1499","RNASeq"
"4022","X.1499.CG97","X-1499","RNASeq"
"4023","X.1499.CK20","X-1499","RNASeq"
"4024","X.1499.CL57","X-1499","RNASeq"
"4025","X.1499.erib","X-1499","RNASeq"
"4026","X.1499.HD01","X-1499","RNASeq"
"4027","X.1499.HS90","X-1499","RNASeq"
"4028","X.1499.IN80","X-1499","RNASeq"
"4029","X.1499.LC61.pael","X-1499","RNASeq"
"4030","X.1499.LE11","X-1499","RNASeq"
"4031","X.1499.LF27.biib","X-1499","RNASeq"
"4032","X.1499.LG47","X-1499","RNASeq"
"4033","X.1499.LL71","X-1499","RNASeq"
"4034","X.1499.pael","X-1499","RNASeq"
"4035","X.1499.uned","X-1499","RNASeq"
"4085","X.1586.BG98","X-1586","RNASeq"
"4086","X.1586.biib","X-1586","RNASeq"
"4087","X.1586.BK20","X-1586","RNASeq"
"4088","X.1586.BK20.biib","X-1586","RNASeq"
"4089","X.1586.BY19","X-1586","RNASeq"
"4090","X.1586.BY19.LG47","X-1586","RNASeq"
"4091","X.1586.BY19.LJ16","X-1586","RNASeq"
"4092","X.1586.ceab","X-1586","RNASeq"
"4093","X.1586.CG97","X-1586","RNASeq"
"4094","X.1586.CK20","X-1586","RNASeq"
"4095","X.1586.CL57","X-1586","RNASeq"
"4096","X.1586.erib","X-1586","RNASeq"
"4097","X.1586.HD01","X-1586","RNASeq"
"4098","X.1586.HS90","X-1586","RNASeq"
"4099","X.1586.IN80","X-1586","RNASeq"
"4100","X.1586.LC61.pael","X-1586","RNASeq"
"4101","X.1586.LE11","X-1586","RNASeq"
"4102","X.1586.LF27.biib","X-1586","RNASeq"
"4103","X.1586.LG47","X-1586","RNASeq"
"4104","X.1586.LL71","X-1586","RNASeq"
"4105","X.1586.pael","X-1586","RNASeq"
"4106","X.1586.uned","X-1586","RNASeq"
"4166","X.1658.BG98","X-1658","RNASeq"
"4167","X.1658.biib","X-1658","RNASeq"
"4168","X.1658.BK20","X-1658","RNASeq"
"4169","X.1658.BK20.biib","X-1658","RNASeq"
"4170","X.1658.BY19","X-1658","RNASeq"
"4171","X.1658.BY19.LG47","X-1658","RNASeq"
"4172","X.1658.BY19.LJ16","X-1658","RNASeq"
"4173","X.1658.ceab","X-1658","RNASeq"
"4174","X.1658.CG97","X-1658","RNASeq"
"4175","X.1658.CK20","X-1658","RNASeq"
"4176","X.1658.CL57","X-1658","RNASeq"
"4177","X.1658.erib","X-1658","RNASeq"
"4178","X.1658.HD01","X-1658","RNASeq"
"4179","X.1658.HS90","X-1658","RNASeq"
"4180","X.1658.IN80","X-1658","RNASeq"
"4181","X.1658.LC61.pael","X-1658","RNASeq"
"4182","X.1658.LE11","X-1658","RNASeq"
"4183","X.1658.LF27.biib","X-1658","RNASeq"
"4184","X.1658.LG47","X-1658","RNASeq"
"4185","X.1658.LL71","X-1658","RNASeq"
"4186","X.1658.pael","X-1658","RNASeq"
"4187","X.1658.uned","X-1658","RNASeq"
"4188","X.1683.BG98","X-1683","RNASeq"
"4189","X.1683.biib","X-1683","RNASeq"
"4190","X.1683.BK20","X-1683","RNASeq"
"4191","X.1683.BK20.biib","X-1683","RNASeq"
"4192","X.1683.BY19","X-1683","RNASeq"
"4193","X.1683.BY19.LG47","X-1683","RNASeq"
"4194","X.1683.BY19.LJ16","X-1683","RNASeq"
"4195","X.1683.ceab","X-1683","RNASeq"
"4196","X.1683.CG97","X-1683","RNASeq"
"4197","X.1683.CK20","X-1683","RNASeq"
"4198","X.1683.CL57","X-1683","RNASeq"
"4199","X.1683.erib","X-1683","RNASeq"
"4200","X.1683.HD01","X-1683","RNASeq"
"4201","X.1683.HS90","X-1683","RNASeq"
"4202","X.1683.IN80","X-1683","RNASeq"
"4203","X.1683.LC61.pael","X-1683","RNASeq"
"4204","X.1683.LE11","X-1683","RNASeq"
"4205","X.1683.LG47","X-1683","RNASeq"
"4206","X.1683.LL71","X-1683","RNASeq"
"4207","X.1683.pael","X-1683","RNASeq"
"4208","X.1683.uned","X-1683","RNASeq"
"4209","X.1725.BG98","X-1725","RNASeq"
"4210","X.1725.biib","X-1725","RNASeq"
"4211","X.1725.BK20","X-1725","RNASeq"
"4212","X.1725.BK20.biib","X-1725","RNASeq"
"4213","X.1725.BY19","X-1725","RNASeq"
"4214","X.1725.BY19.LG47","X-1725","RNASeq"
"4215","X.1725.BY19.LJ16","X-1725","RNASeq"
"4216","X.1725.ceab","X-1725","RNASeq"
"4217","X.1725.CG97","X-1725","RNASeq"
"4218","X.1725.CK20","X-1725","RNASeq"
"4219","X.1725.CL57","X-1725","RNASeq"
"4220","X.1725.erib","X-1725","RNASeq"
"4221","X.1725.HD01","X-1725","RNASeq"
"4222","X.1725.HS90","X-1725","RNASeq"
"4223","X.1725.IN80","X-1725","RNASeq"
"4224","X.1725.LC61.pael","X-1725","RNASeq"
"4225","X.1725.LE11","X-1725","RNASeq"
"4226","X.1725.LF27.biib","X-1725","RNASeq"
"4227","X.1725.LG47","X-1725","RNASeq"
"4228","X.1725.LL71","X-1725","RNASeq"
"4229","X.1725.pael","X-1725","RNASeq"
"4230","X.1725.uned","X-1725","RNASeq"
"4231","X.1787.BG98","X-1787","RNASeq"
"4232","X.1787.biib","X-1787","RNASeq"
"4233","X.1787.BK20","X-1787","RNASeq"
"4234","X.1787.BK20.biib","X-1787","RNASeq"
"4235","X.1787.BY19","X-1787","RNASeq"
"4236","X.1787.BY19.LG47","X-1787","RNASeq"
"4237","X.1787.BY19.LJ16","X-1787","RNASeq"
"4238","X.1787.ceab","X-1787","RNASeq"
"4239","X.1787.CG97","X-1787","RNASeq"
"4240","X.1787.CK20","X-1787","RNASeq"
"4241","X.1787.CL57","X-1787","RNASeq"
"4242","X.1787.erib","X-1787","RNASeq"
"4243","X.1787.HD01","X-1787","RNASeq"
"4244","X.1787.HS90","X-1787","RNASeq"
"4245","X.1787.IN80","X-1787","RNASeq"
"4246","X.1787.LC61.pael","X-1787","RNASeq"
"4247","X.1787.LE11","X-1787","RNASeq"
"4248","X.1787.LF27.biib","X-1787","RNASeq"
"4249","X.1787.LG47","X-1787","RNASeq"
"4250","X.1787.LL71","X-1787","RNASeq"
"4251","X.1787.pael","X-1787","RNASeq"
"4252","X.1787.uned","X-1787","RNASeq"
"4253","X.1795.LF27.biib","X-1795","RNASeq"
"4254","X.1823.BG98","X-1823","RNASeq"
"4255","X.1823.biib","X-1823","RNASeq"
"4256","X.1823.BK20","X-1823","RNASeq"
"4257","X.1823.BK20.biib","X-1823","RNASeq"
"4258","X.1823.BY19","X-1823","RNASeq"
"4259","X.1823.BY19.LG47","X-1823","RNASeq"
"4260","X.1823.BY19.LJ16","X-1823","RNASeq"
"4261","X.1823.ceab","X-1823","RNASeq"
"4262","X.1823.CG97","X-1823","RNASeq"
"4263","X.1823.CK20","X-1823","RNASeq"
"4264","X.1823.CL57","X-1823","RNASeq"
"4265","X.1823.erib","X-1823","RNASeq"
"4266","X.1823.HD01","X-1823","RNASeq"
"4267","X.1823.HS90","X-1823","RNASeq"
"4268","X.1823.IN80","X-1823","RNASeq"
"4269","X.1823.LC61.pael","X-1823","RNASeq"
"4270","X.1823.LE11","X-1823","RNASeq"
"4271","X.1823.LF27.biib","X-1823","RNASeq"
"4272","X.1823.LG47","X-1823","RNASeq"
"4273","X.1823.LL71","X-1823","RNASeq"
"4274","X.1823.pael","X-1823","RNASeq"
"4275","X.1823.uned","X-1823","RNASeq"
"4319","X.1834.BG98","X-1834","RNASeq"
"4320","X.1834.biib","X-1834","RNASeq"
"4321","X.1834.BK20","X-1834","RNASeq"
"4322","X.1834.BK20.biib","X-1834","RNASeq"
"4323","X.1834.BY19","X-1834","RNASeq"
"4324","X.1834.BY19.LG47","X-1834","RNASeq"
"4325","X.1834.BY19.LJ16","X-1834","RNASeq"
"4326","X.1834.ceab","X-1834","RNASeq"
"4327","X.1834.CG97","X-1834","RNASeq"
"4328","X.1834.CK20","X-1834","RNASeq"
"4329","X.1834.CL57","X-1834","RNASeq"
"4330","X.1834.erib","X-1834","RNASeq"
"4331","X.1834.HD01","X-1834","RNASeq"
"4332","X.1834.HS90","X-1834","RNASeq"
"4333","X.1834.IN80","X-1834","RNASeq"
"4334","X.1834.LC61.pael","X-1834","RNASeq"
"4335","X.1834.LE11","X-1834","RNASeq"
"4336","X.1834.LF27.biib","X-1834","RNASeq"
"4337","X.1834.LG47","X-1834","RNASeq"
"4338","X.1834.LL71","X-1834","RNASeq"
"4339","X.1834.pael","X-1834","RNASeq"
"4340","X.1834.uned","X-1834","RNASeq"
"4341","X.1835.BG98","X-1835","RNASeq"
"4342","X.1835.biib","X-1835","RNASeq"
"4343","X.1835.BK20","X-1835","RNASeq"
"4344","X.1835.BK20.biib","X-1835","RNASeq"
"4345","X.1835.BY19","X-1835","RNASeq"
"4346","X.1835.BY19.LG47","X-1835","RNASeq"
"4347","X.1835.BY19.LJ16","X-1835","RNASeq"
"4348","X.1835.ceab","X-1835","RNASeq"
"4349","X.1835.CG97","X-1835","RNASeq"
"4350","X.1835.CK20","X-1835","RNASeq"
"4351","X.1835.CL57","X-1835","RNASeq"
"4352","X.1835.erib","X-1835","RNASeq"
"4353","X.1835.HD01","X-1835","RNASeq"
"4354","X.1835.HS90","X-1835","RNASeq"
"4355","X.1835.IN80","X-1835","RNASeq"
"4356","X.1835.LC61.pael","X-1835","RNASeq"
"4357","X.1835.LE11","X-1835","RNASeq"
"4358","X.1835.LF27.biib","X-1835","RNASeq"
"4359","X.1835.LG47","X-1835","RNASeq"
"4360","X.1835.LL71","X-1835","RNASeq"
"4361","X.1835.pael","X-1835","RNASeq"
"4362","X.1835.uned","X-1835","RNASeq"
"4445","X.1934.BG98","X-1934","RNASeq"
"4446","X.1934.biib","X-1934","RNASeq"
"4447","X.1934.BK20","X-1934","RNASeq"
"4448","X.1934.BK20.biib","X-1934","RNASeq"
"4449","X.1934.BY19","X-1934","RNASeq"
"4450","X.1934.BY19.LG47","X-1934","RNASeq"
"4451","X.1934.BY19.LJ16","X-1934","RNASeq"
"4452","X.1934.ceab","X-1934","RNASeq"
"4453","X.1934.CG97","X-1934","RNASeq"
"4454","X.1934.CK20","X-1934","RNASeq"
"4455","X.1934.CL57","X-1934","RNASeq"
"4456","X.1934.erib","X-1934","RNASeq"
"4457","X.1934.HD01","X-1934","RNASeq"
"4458","X.1934.HS90","X-1934","RNASeq"
"4459","X.1934.IN80","X-1934","RNASeq"
"4460","X.1934.LC61.pael","X-1934","RNASeq"
"4461","X.1934.LE11","X-1934","RNASeq"
"4462","X.1934.LF27.biib","X-1934","RNASeq"
"4463","X.1934.LG47","X-1934","RNASeq"
"4464","X.1934.LL71","X-1934","RNASeq"
"4465","X.1934.pael","X-1934","RNASeq"
"4466","X.1934.uned","X-1934","RNASeq"
"4492","X.1979.LF27.biib","X-1979","RNASeq"
"4493","X.1980.BG98","X-1980","RNASeq"
"4494","X.1980.biib","X-1980","RNASeq"
"4495","X.1980.BK20","X-1980","RNASeq"
"4496","X.1980.BK20.biib","X-1980","RNASeq"
"4497","X.1980.BY19","X-1980","RNASeq"
"4498","X.1980.BY19.LG47","X-1980","RNASeq"
"4499","X.1980.BY19.LJ16","X-1980","RNASeq"
"4500","X.1980.ceab","X-1980","RNASeq"
"4501","X.1980.CG97","X-1980","RNASeq"
"4502","X.1980.CK20","X-1980","RNASeq"
"4503","X.1980.CL57","X-1980","RNASeq"
"4504","X.1980.erib","X-1980","RNASeq"
"4505","X.1980.HD01","X-1980","RNASeq"
"4506","X.1980.HS90","X-1980","RNASeq"
"4507","X.1980.IN80","X-1980","RNASeq"
"4508","X.1980.LC61.pael","X-1980","RNASeq"
"4509","X.1980.LE11","X-1980","RNASeq"
"4510","X.1980.LF27.biib","X-1980","RNASeq"
"4511","X.1980.LG47","X-1980","RNASeq"
"4512","X.1980.LL71","X-1980","RNASeq"
"4513","X.1980.pael","X-1980","RNASeq"
"4514","X.1980.uned","X-1980","RNASeq"
"4515","X.1993.BG98","X-1993","RNASeq"
"4516","X.1993.biib","X-1993","RNASeq"
"4517","X.1993.BK20","X-1993","RNASeq"
"4518","X.1993.BK20.biib","X-1993","RNASeq"
"4519","X.1993.BY19","X-1993","RNASeq"
"4520","X.1993.BY19.LG47","X-1993","RNASeq"
"4521","X.1993.BY19.LJ16","X-1993","RNASeq"
"4522","X.1993.ceab","X-1993","RNASeq"
"4523","X.1993.CG97","X-1993","RNASeq"
"4524","X.1993.CK20","X-1993","RNASeq"
"4525","X.1993.CL57","X-1993","RNASeq"
"4526","X.1993.erib","X-1993","RNASeq"
"4527","X.1993.HD01","X-1993","RNASeq"
"4528","X.1993.HS90","X-1993","RNASeq"
"4529","X.1993.IN80","X-1993","RNASeq"
"4530","X.1993.LC61.pael","X-1993","RNASeq"
"4531","X.1993.LE11","X-1993","RNASeq"
"4532","X.1993.LF27.biib","X-1993","RNASeq"
"4533","X.1993.LG47","X-1993","RNASeq"
"4534","X.1993.LL71","X-1993","RNASeq"
"4535","X.1993.pael","X-1993","RNASeq"
"4536","X.1993.uned","X-1993","RNASeq"
"4537","X.2017.BG98","X-2017","RNASeq"
"4538","X.2017.biib","X-2017","RNASeq"
"4539","X.2017.BK20","X-2017","RNASeq"
"4540","X.2017.BK20.biib","X-2017","RNASeq"
"4541","X.2017.BY19","X-2017","RNASeq"
"4542","X.2017.BY19.LG47","X-2017","RNASeq"
"4543","X.2017.BY19.LJ16","X-2017","RNASeq"
"4544","X.2017.ceab","X-2017","RNASeq"
"4545","X.2017.CG97","X-2017","RNASeq"
"4546","X.2017.CK20","X-2017","RNASeq"
"4547","X.2017.CL57","X-2017","RNASeq"
"4548","X.2017.erib","X-2017","RNASeq"
"4549","X.2017.HD01","X-2017","RNASeq"
"4550","X.2017.HS90","X-2017","RNASeq"
"4551","X.2017.IN80","X-2017","RNASeq"
"4552","X.2017.LC61.pael","X-2017","RNASeq"
"4553","X.2017.LE11","X-2017","RNASeq"
"4554","X.2017.LF27.biib","X-2017","RNASeq"
"4555","X.2017.LG47","X-2017","RNASeq"
"4556","X.2017.LL71","X-2017","RNASeq"
"4557","X.2017.pael","X-2017","RNASeq"
"4558","X.2017.uned","X-2017","RNASeq"
"4574","X.2042.BG98","X-2042","RNASeq"
"4575","X.2042.biib","X-2042","RNASeq"
"4576","X.2042.BK20","X-2042","RNASeq"
"4577","X.2042.BK20.biib","X-2042","RNASeq"
"4578","X.2042.BY19","X-2042","RNASeq"
"4579","X.2042.BY19.LG47","X-2042","RNASeq"
"4580","X.2042.BY19.LJ16","X-2042","RNASeq"
"4581","X.2042.ceab","X-2042","RNASeq"
"4582","X.2042.CG97","X-2042","RNASeq"
"4583","X.2042.CK20","X-2042","RNASeq"
"4584","X.2042.CL57","X-2042","RNASeq"
"4585","X.2042.erib","X-2042","RNASeq"
"4586","X.2042.HD01","X-2042","RNASeq"
"4587","X.2042.HS90","X-2042","RNASeq"
"4588","X.2042.IN80","X-2042","RNASeq"
"4589","X.2042.LC61.pael","X-2042","RNASeq"
"4590","X.2042.LE11","X-2042","RNASeq"
"4591","X.2042.LF27.biib","X-2042","RNASeq"
"4592","X.2042.LG47","X-2042","RNASeq"
"4593","X.2042.LL71","X-2042","RNASeq"
"4594","X.2042.pael","X-2042","RNASeq"
"4595","X.2042.uned","X-2042","RNASeq"
"4632","X.2082.BG98","X-2082","RNASeq"
"4633","X.2082.biib","X-2082","RNASeq"
"4634","X.2082.BK20","X-2082","RNASeq"
"4635","X.2082.BK20.biib","X-2082","RNASeq"
"4636","X.2082.BY19","X-2082","RNASeq"
"4637","X.2082.BY19.LG47","X-2082","RNASeq"
"4638","X.2082.BY19.LJ16","X-2082","RNASeq"
"4639","X.2082.ceab","X-2082","RNASeq"
"4640","X.2082.CG97","X-2082","RNASeq"
"4641","X.2082.CK20","X-2082","RNASeq"
"4642","X.2082.CL57","X-2082","RNASeq"
"4643","X.2082.erib","X-2082","RNASeq"
"4644","X.2082.HD01","X-2082","RNASeq"
"4645","X.2082.HS90","X-2082","RNASeq"
"4646","X.2082.IN80","X-2082","RNASeq"
"4647","X.2082.LC61.pael","X-2082","RNASeq"
"4648","X.2082.LE11","X-2082","RNASeq"
"4649","X.2082.LF27.biib","X-2082","RNASeq"
"4650","X.2082.LG47","X-2082","RNASeq"
"4651","X.2082.LL71","X-2082","RNASeq"
"4652","X.2082.pael","X-2082","RNASeq"
"4653","X.2082.uned","X-2082","RNASeq"
"4654","X.2088.BG98","X-2088","RNASeq"
"4655","X.2088.biib","X-2088","RNASeq"
"4656","X.2088.BK20","X-2088","RNASeq"
"4657","X.2088.BK20.biib","X-2088","RNASeq"
"4658","X.2088.BY19","X-2088","RNASeq"
"4659","X.2088.BY19.LG47","X-2088","RNASeq"
"4660","X.2088.BY19.LJ16","X-2088","RNASeq"
"4661","X.2088.ceab","X-2088","RNASeq"
"4662","X.2088.CG97","X-2088","RNASeq"
"4663","X.2088.CK20","X-2088","RNASeq"
"4664","X.2088.CL57","X-2088","RNASeq"
"4665","X.2088.erib","X-2088","RNASeq"
"4666","X.2088.HD01","X-2088","RNASeq"
"4667","X.2088.HS90","X-2088","RNASeq"
"4668","X.2088.IN80","X-2088","RNASeq"
"4669","X.2088.LC61.pael","X-2088","RNASeq"
"4670","X.2088.LE11","X-2088","RNASeq"
"4671","X.2088.LF27.biib","X-2088","RNASeq"
"4672","X.2088.LG47","X-2088","RNASeq"
"4673","X.2088.LL71","X-2088","RNASeq"
"4674","X.2088.uned","X-2088","RNASeq"
"4675","X.2094.BG98","X-2094","RNASeq"
"4676","X.2094.biib","X-2094","RNASeq"
"4677","X.2094.BK20","X-2094","RNASeq"
"4678","X.2094.BK20.biib","X-2094","RNASeq"
"4679","X.2094.BY19","X-2094","RNASeq"
"4680","X.2094.BY19.LG47","X-2094","RNASeq"
"4681","X.2094.BY19.LJ16","X-2094","RNASeq"
"4682","X.2094.ceab","X-2094","RNASeq"
"4683","X.2094.CG97","X-2094","RNASeq"
"4684","X.2094.CK20","X-2094","RNASeq"
"4685","X.2094.CL57","X-2094","RNASeq"
"4686","X.2094.erib","X-2094","RNASeq"
"4687","X.2094.HD01","X-2094","RNASeq"
"4688","X.2094.HS90","X-2094","RNASeq"
"4689","X.2094.IN80","X-2094","RNASeq"
"4690","X.2094.LC61.pael","X-2094","RNASeq"
"4691","X.2094.LE11","X-2094","RNASeq"
"4692","X.2094.LF27.biib","X-2094","RNASeq"
"4693","X.2094.LG47","X-2094","RNASeq"
"4694","X.2094.LL71","X-2094","RNASeq"
"4695","X.2094.pael","X-2094","RNASeq"
"4696","X.2094.uned","X-2094","RNASeq"
"5437","X.3029.BG98","X-3029","RNASeq"
"5438","X.3029.biib","X-3029","RNASeq"
"5439","X.3029.BK20","X-3029","RNASeq"
"5440","X.3029.BK20.biib","X-3029","RNASeq"
"5441","X.3029.BY19","X-3029","RNASeq"
"5442","X.3029.BY19.LG47","X-3029","RNASeq"
"5443","X.3029.BY19.LJ16","X-3029","RNASeq"
"5444","X.3029.ceab","X-3029","RNASeq"
"5445","X.3029.CG97","X-3029","RNASeq"
"5446","X.3029.CK20","X-3029","RNASeq"
"5447","X.3029.CL57","X-3029","RNASeq"
"5448","X.3029.erib","X-3029","RNASeq"
"5449","X.3029.HD01","X-3029","RNASeq"
"5450","X.3029.HS90","X-3029","RNASeq"
"5451","X.3029.IN80","X-3029","RNASeq"
"5452","X.3029.LC61.pael","X-3029","RNASeq"
"5453","X.3029.LE11","X-3029","RNASeq"
"5454","X.3029.LG47","X-3029","RNASeq"
"5455","X.3029.LL71","X-3029","RNASeq"
"5456","X.3029.pael","X-3029","RNASeq"
"5457","X.3029.uned","X-3029","RNASeq"
"5661","X.3237.BG98","X-3237","RNASeq"
"5662","X.3237.biib","X-3237","RNASeq"
"5663","X.3237.BK20","X-3237","RNASeq"
"5664","X.3237.BK20.biib","X-3237","RNASeq"
"5665","X.3237.BY19","X-3237","RNASeq"
"5666","X.3237.BY19.LG47","X-3237","RNASeq"
"5667","X.3237.BY19.LJ16","X-3237","RNASeq"
"5668","X.3237.ceab","X-3237","RNASeq"
"5669","X.3237.CG97","X-3237","RNASeq"
"5670","X.3237.CK20","X-3237","RNASeq"
"5671","X.3237.CL57","X-3237","RNASeq"
"5672","X.3237.erib","X-3237","RNASeq"
"5673","X.3237.HD01","X-3237","RNASeq"
"5674","X.3237.HS90","X-3237","RNASeq"
"5675","X.3237.IN80","X-3237","RNASeq"
"5676","X.3237.LC61.pael","X-3237","RNASeq"
"5677","X.3237.LE11","X-3237","RNASeq"
"5678","X.3237.LF27.biib","X-3237","RNASeq"
"5679","X.3237.LG47","X-3237","RNASeq"
"5680","X.3237.LL71","X-3237","RNASeq"
"5681","X.3237.pael","X-3237","RNASeq"
"5682","X.3237.uned","X-3237","RNASeq"
"5981","X.3843.BG98","X-3843","RNASeq"
"5982","X.3843.biib","X-3843","RNASeq"
"5983","X.3843.BK20","X-3843","RNASeq"
"5984","X.3843.BK20.biib","X-3843","RNASeq"
"5985","X.3843.BY19","X-3843","RNASeq"
"5986","X.3843.BY19.LG47","X-3843","RNASeq"
"5987","X.3843.BY19.LJ16","X-3843","RNASeq"
"5988","X.3843.ceab","X-3843","RNASeq"
"5989","X.3843.CG97","X-3843","RNASeq"
"5990","X.3843.CK20","X-3843","RNASeq"
"5991","X.3843.CL57","X-3843","RNASeq"
"5992","X.3843.erib","X-3843","RNASeq"
"5993","X.3843.HD01","X-3843","RNASeq"
"5994","X.3843.HS90","X-3843","RNASeq"
"5995","X.3843.IN80","X-3843","RNASeq"
"5996","X.3843.LC61.pael","X-3843","RNASeq"
"5997","X.3843.LE11","X-3843","RNASeq"
"5998","X.3843.LF27.biib","X-3843","RNASeq"
"5999","X.3843.LG47","X-3843","RNASeq"
"6000","X.3843.LL71","X-3843","RNASeq"
"6001","X.3843.pael","X-3843","RNASeq"
"6002","X.3843.uned","X-3843","RNASeq"
"6513","X.4819.BG98","X-4819","RNASeq"
"6514","X.4819.biib","X-4819","RNASeq"
"6515","X.4819.BK20","X-4819","RNASeq"
"6516","X.4819.BK20.biib","X-4819","RNASeq"
"6517","X.4819.BY19","X-4819","RNASeq"
"6518","X.4819.BY19.LG47","X-4819","RNASeq"
"6519","X.4819.BY19.LJ16","X-4819","RNASeq"
"6520","X.4819.ceab","X-4819","RNASeq"
"6521","X.4819.CG97","X-4819","RNASeq"
"6522","X.4819.CK20","X-4819","RNASeq"
"6523","X.4819.CL57","X-4819","RNASeq"
"6524","X.4819.erib","X-4819","RNASeq"
"6525","X.4819.HD01","X-4819","RNASeq"
"6526","X.4819.HS90","X-4819","RNASeq"
"6527","X.4819.IN80","X-4819","RNASeq"
"6528","X.4819.LC61.pael","X-4819","RNASeq"
"6529","X.4819.LE11","X-4819","RNASeq"
"6530","X.4819.LF27.biib","X-4819","RNASeq"
"6531","X.4819.LG47","X-4819","RNASeq"
"6532","X.4819.LL71","X-4819","RNASeq"
"6533","X.4819.pael","X-4819","RNASeq"
"6534","X.4819.uned","X-4819","RNASeq"
"7028","X.1156.BG98","X-1156","mutation"
"7029","X.1156.biib","X-1156","mutation"
"7030","X.1156.BK20","X-1156","mutation"
"7031","X.1156.BK20.biib","X-1156","mutation"
"7032","X.1156.BY19","X-1156","mutation"
"7033","X.1156.BY19.LG47","X-1156","mutation"
"7034","X.1156.BY19.LJ16","X-1156","mutation"
"7035","X.1156.ceab","X-1156","mutation"
"7036","X.1156.CG97","X-1156","mutation"
"7037","X.1156.CK20","X-1156","mutation"
"7038","X.1156.CL57","X-1156","mutation"
"7039","X.1156.erib","X-1156","mutation"
"7040","X.1156.HD01","X-1156","mutation"
"7041","X.1156.HS90","X-1156","mutation"
"7042","X.1156.IN80","X-1156","mutation"
"7043","X.1156.LC61.pael","X-1156","mutation"
"7044","X.1156.LE11","X-1156","mutation"
"7045","X.1156.LF27.biib","X-1156","mutation"
"7046","X.1156.LG47","X-1156","mutation"
"7047","X.1156.LL71","X-1156","mutation"
"7048","X.1156.pael","X-1156","mutation"
"7049","X.1156.uned","X-1156","mutation"
"7072","X.1172.BG98","X-1172","mutation"
"7073","X.1172.biib","X-1172","mutation"
"7074","X.1172.BK20","X-1172","mutation"
"7075","X.1172.BK20.biib","X-1172","mutation"
"7076","X.1172.BY19","X-1172","mutation"
"7077","X.1172.BY19.LG47","X-1172","mutation"
"7078","X.1172.BY19.LJ16","X-1172","mutation"
"7079","X.1172.ceab","X-1172","mutation"
"7080","X.1172.CG97","X-1172","mutation"
"7081","X.1172.CK20","X-1172","mutation"
"7082","X.1172.CL57","X-1172","mutation"
"7083","X.1172.erib","X-1172","mutation"
"7084","X.1172.HD01","X-1172","mutation"
"7085","X.1172.HS90","X-1172","mutation"
"7086","X.1172.IN80","X-1172","mutation"
"7087","X.1172.LC61.pael","X-1172","mutation"
"7088","X.1172.LE11","X-1172","mutation"
"7089","X.1172.LF27.biib","X-1172","mutation"
"7090","X.1172.LG47","X-1172","mutation"
"7091","X.1172.LL71","X-1172","mutation"
"7092","X.1172.pael","X-1172","mutation"
"7093","X.1172.uned","X-1172","mutation"
"7247","X.1323.BG98","X-1323","mutation"
"7248","X.1323.biib","X-1323","mutation"
"7249","X.1323.BK20","X-1323","mutation"
"7250","X.1323.BK20.biib","X-1323","mutation"
"7251","X.1323.BY19","X-1323","mutation"
"7252","X.1323.BY19.LG47","X-1323","mutation"
"7253","X.1323.BY19.LJ16","X-1323","mutation"
"7254","X.1323.ceab","X-1323","mutation"
"7255","X.1323.CG97","X-1323","mutation"
"7256","X.1323.CK20","X-1323","mutation"
"7257","X.1323.CL57","X-1323","mutation"
"7258","X.1323.erib","X-1323","mutation"
"7259","X.1323.HD01","X-1323","mutation"
"7260","X.1323.HS90","X-1323","mutation"
"7261","X.1323.IN80","X-1323","mutation"
"7262","X.1323.LC61.pael","X-1323","mutation"
"7263","X.1323.LE11","X-1323","mutation"
"7264","X.1323.LF27.biib","X-1323","mutation"
"7265","X.1323.LG47","X-1323","mutation"
"7266","X.1323.LL71","X-1323","mutation"
"7267","X.1323.pael","X-1323","mutation"
"7268","X.1323.uned","X-1323","mutation"
"7398","X.1442.BG98","X-1442","mutation"
"7399","X.1442.biib","X-1442","mutation"
"7400","X.1442.BK20","X-1442","mutation"
"7401","X.1442.BK20.biib","X-1442","mutation"
"7402","X.1442.BY19","X-1442","mutation"
"7403","X.1442.BY19.LG47","X-1442","mutation"
"7404","X.1442.BY19.LJ16","X-1442","mutation"
"7405","X.1442.ceab","X-1442","mutation"
"7406","X.1442.CG97","X-1442","mutation"
"7407","X.1442.CK20","X-1442","mutation"
"7408","X.1442.CL57","X-1442","mutation"
"7409","X.1442.erib","X-1442","mutation"
"7410","X.1442.HD01","X-1442","mutation"
"7411","X.1442.HS90","X-1442","mutation"
"7412","X.1442.IN80","X-1442","mutation"
"7413","X.1442.LC61.pael","X-1442","mutation"
"7414","X.1442.LE11","X-1442","mutation"
"7415","X.1442.LG47","X-1442","mutation"
"7416","X.1442.LL71","X-1442","mutation"
"7417","X.1442.pael","X-1442","mutation"
"7418","X.1442.uned","X-1442","mutation"
"7484","X.1499.BG98","X-1499","mutation"
"7485","X.1499.biib","X-1499","mutation"
"7486","X.1499.BK20","X-1499","mutation"
"7487","X.1499.BK20.biib","X-1499","mutation"
"7488","X.1499.BY19","X-1499","mutation"
"7489","X.1499.BY19.LG47","X-1499","mutation"
"7490","X.1499.BY19.LJ16","X-1499","mutation"
"7491","X.1499.ceab","X-1499","mutation"
"7492","X.1499.CG97","X-1499","mutation"
"7493","X.1499.CK20","X-1499","mutation"
"7494","X.1499.CL57","X-1499","mutation"
"7495","X.1499.erib","X-1499","mutation"
"7496","X.1499.HD01","X-1499","mutation"
"7497","X.1499.HS90","X-1499","mutation"
"7498","X.1499.IN80","X-1499","mutation"
"7499","X.1499.LC61.pael","X-1499","mutation"
"7500","X.1499.LE11","X-1499","mutation"
"7501","X.1499.LF27.biib","X-1499","mutation"
"7502","X.1499.LG47","X-1499","mutation"
"7503","X.1499.LL71","X-1499","mutation"
"7504","X.1499.pael","X-1499","mutation"
"7505","X.1499.uned","X-1499","mutation"
"7555","X.1586.BG98","X-1586","mutation"
"7556","X.1586.biib","X-1586","mutation"
"7557","X.1586.BK20","X-1586","mutation"
"7558","X.1586.BK20.biib","X-1586","mutation"
"7559","X.1586.BY19","X-1586","mutation"
"7560","X.1586.BY19.LG47","X-1586","mutation"
"7561","X.1586.BY19.LJ16","X-1586","mutation"
"7562","X.1586.ceab","X-1586","mutation"
"7563","X.1586.CG97","X-1586","mutation"
"7564","X.1586.CK20","X-1586","mutation"
"7565","X.1586.CL57","X-1586","mutation"
"7566","X.1586.erib","X-1586","mutation"
"7567","X.1586.HD01","X-1586","mutation"
"7568","X.1586.HS90","X-1586","mutation"
"7569","X.1586.IN80","X-1586","mutation"
"7570","X.1586.LC61.pael","X-1586","mutation"
"7571","X.1586.LE11","X-1586","mutation"
"7572","X.1586.LF27.biib","X-1586","mutation"
"7573","X.1586.LG47","X-1586","mutation"
"7574","X.1586.LL71","X-1586","mutation"
"7575","X.1586.pael","X-1586","mutation"
"7576","X.1586.uned","X-1586","mutation"
"7636","X.1658.BG98","X-1658","mutation"
"7637","X.1658.biib","X-1658","mutation"
"7638","X.1658.BK20","X-1658","mutation"
"7639","X.1658.BK20.biib","X-1658","mutation"
"7640","X.1658.BY19","X-1658","mutation"
"7641","X.1658.BY19.LG47","X-1658","mutation"
"7642","X.1658.BY19.LJ16","X-1658","mutation"
"7643","X.1658.ceab","X-1658","mutation"
"7644","X.1658.CG97","X-1658","mutation"
"7645","X.1658.CK20","X-1658","mutation"
"7646","X.1658.CL57","X-1658","mutation"
"7647","X.1658.erib","X-1658","mutation"
"7648","X.1658.HD01","X-1658","mutation"
"7649","X.1658.HS90","X-1658","mutation"
"7650","X.1658.IN80","X-1658","mutation"
"7651","X.1658.LC61.pael","X-1658","mutation"
"7652","X.1658.LE11","X-1658","mutation"
"7653","X.1658.LF27.biib","X-1658","mutation"
"7654","X.1658.LG47","X-1658","mutation"
"7655","X.1658.LL71","X-1658","mutation"
"7656","X.1658.pael","X-1658","mutation"
"7657","X.1658.uned","X-1658","mutation"
"7658","X.1683.BG98","X-1683","mutation"
"7659","X.1683.biib","X-1683","mutation"
"7660","X.1683.BK20","X-1683","mutation"
"7661","X.1683.BK20.biib","X-1683","mutation"
"7662","X.1683.BY19","X-1683","mutation"
"7663","X.1683.BY19.LG47","X-1683","mutation"
"7664","X.1683.BY19.LJ16","X-1683","mutation"
"7665","X.1683.ceab","X-1683","mutation"
"7666","X.1683.CG97","X-1683","mutation"
"7667","X.1683.CK20","X-1683","mutation"
"7668","X.1683.CL57","X-1683","mutation"
"7669","X.1683.erib","X-1683","mutation"
"7670","X.1683.HD01","X-1683","mutation"
"7671","X.1683.HS90","X-1683","mutation"
"7672","X.1683.IN80","X-1683","mutation"
"7673","X.1683.LC61.pael","X-1683","mutation"
"7674","X.1683.LE11","X-1683","mutation"
"7675","X.1683.LG47","X-1683","mutation"
"7676","X.1683.LL71","X-1683","mutation"
"7677","X.1683.pael","X-1683","mutation"
"7678","X.1683.uned","X-1683","mutation"
"7679","X.1725.BG98","X-1725","mutation"
"7680","X.1725.biib","X-1725","mutation"
"7681","X.1725.BK20","X-1725","mutation"
"7682","X.1725.BK20.biib","X-1725","mutation"
"7683","X.1725.BY19","X-1725","mutation"
"7684","X.1725.BY19.LG47","X-1725","mutation"
"7685","X.1725.BY19.LJ16","X-1725","mutation"
"7686","X.1725.ceab","X-1725","mutation"
"7687","X.1725.CG97","X-1725","mutation"
"7688","X.1725.CK20","X-1725","mutation"
"7689","X.1725.CL57","X-1725","mutation"
"7690","X.1725.erib","X-1725","mutation"
"7691","X.1725.HD01","X-1725","mutation"
"7692","X.1725.HS90","X-1725","mutation"
"7693","X.1725.IN80","X-1725","mutation"
"7694","X.1725.LC61.pael","X-1725","mutation"
"7695","X.1725.LE11","X-1725","mutation"
"7696","X.1725.LF27.biib","X-1725","mutation"
"7697","X.1725.LG47","X-1725","mutation"
"7698","X.1725.LL71","X-1725","mutation"
"7699","X.1725.pael","X-1725","mutation"
"7700","X.1725.uned","X-1725","mutation"
"7701","X.1787.BG98","X-1787","mutation"
"7702","X.1787.biib","X-1787","mutation"
"7703","X.1787.BK20","X-1787","mutation"
"7704","X.1787.BK20.biib","X-1787","mutation"
"7705","X.1787.BY19","X-1787","mutation"
"7706","X.1787.BY19.LG47","X-1787","mutation"
"7707","X.1787.BY19.LJ16","X-1787","mutation"
"7708","X.1787.ceab","X-1787","mutation"
"7709","X.1787.CG97","X-1787","mutation"
"7710","X.1787.CK20","X-1787","mutation"
"7711","X.1787.CL57","X-1787","mutation"
"7712","X.1787.erib","X-1787","mutation"
"7713","X.1787.HD01","X-1787","mutation"
"7714","X.1787.HS90","X-1787","mutation"
"7715","X.1787.IN80","X-1787","mutation"
"7716","X.1787.LC61.pael","X-1787","mutation"
"7717","X.1787.LE11","X-1787","mutation"
"7718","X.1787.LF27.biib","X-1787","mutation"
"7719","X.1787.LG47","X-1787","mutation"
"7720","X.1787.LL71","X-1787","mutation"
"7721","X.1787.pael","X-1787","mutation"
"7722","X.1787.uned","X-1787","mutation"
"7723","X.1795.LF27.biib","X-1795","mutation"
"7724","X.1823.BG98","X-1823","mutation"
"7725","X.1823.biib","X-1823","mutation"
"7726","X.1823.BK20","X-1823","mutation"
"7727","X.1823.BK20.biib","X-1823","mutation"
"7728","X.1823.BY19","X-1823","mutation"
"7729","X.1823.BY19.LG47","X-1823","mutation"
"7730","X.1823.BY19.LJ16","X-1823","mutation"
"7731","X.1823.ceab","X-1823","mutation"
"7732","X.1823.CG97","X-1823","mutation"
"7733","X.1823.CK20","X-1823","mutation"
"7734","X.1823.CL57","X-1823","mutation"
"7735","X.1823.erib","X-1823","mutation"
"7736","X.1823.HD01","X-1823","mutation"
"7737","X.1823.HS90","X-1823","mutation"
"7738","X.1823.IN80","X-1823","mutation"
"7739","X.1823.LC61.pael","X-1823","mutation"
"7740","X.1823.LE11","X-1823","mutation"
"7741","X.1823.LF27.biib","X-1823","mutation"
"7742","X.1823.LG47","X-1823","mutation"
"7743","X.1823.LL71","X-1823","mutation"
"7744","X.1823.pael","X-1823","mutation"
"7745","X.1823.uned","X-1823","mutation"
"7789","X.1834.BG98","X-1834","mutation"
"7790","X.1834.biib","X-1834","mutation"
"7791","X.1834.BK20","X-1834","mutation"
"7792","X.1834.BK20.biib","X-1834","mutation"
"7793","X.1834.BY19","X-1834","mutation"
"7794","X.1834.BY19.LG47","X-1834","mutation"
"7795","X.1834.BY19.LJ16","X-1834","mutation"
"7796","X.1834.ceab","X-1834","mutation"
"7797","X.1834.CG97","X-1834","mutation"
"7798","X.1834.CK20","X-1834","mutation"
"7799","X.1834.CL57","X-1834","mutation"
"7800","X.1834.erib","X-1834","mutation"
"7801","X.1834.HD01","X-1834","mutation"
"7802","X.1834.HS90","X-1834","mutation"
"7803","X.1834.IN80","X-1834","mutation"
"7804","X.1834.LC61.pael","X-1834","mutation"
"7805","X.1834.LE11","X-1834","mutation"
"7806","X.1834.LF27.biib","X-1834","mutation"
"7807","X.1834.LG47","X-1834","mutation"
"7808","X.1834.LL71","X-1834","mutation"
"7809","X.1834.pael","X-1834","mutation"
"7810","X.1834.uned","X-1834","mutation"
"7811","X.1835.BG98","X-1835","mutation"
"7812","X.1835.biib","X-1835","mutation"
"7813","X.1835.BK20","X-1835","mutation"
"7814","X.1835.BK20.biib","X-1835","mutation"
"7815","X.1835.BY19","X-1835","mutation"
"7816","X.1835.BY19.LG47","X-1835","mutation"
"7817","X.1835.BY19.LJ16","X-1835","mutation"
"7818","X.1835.ceab","X-1835","mutation"
"7819","X.1835.CG97","X-1835","mutation"
"7820","X.1835.CK20","X-1835","mutation"
"7821","X.1835.CL57","X-1835","mutation"
"7822","X.1835.erib","X-1835","mutation"
"7823","X.1835.HD01","X-1835","mutation"
"7824","X.1835.HS90","X-1835","mutation"
"7825","X.1835.IN80","X-1835","mutation"
"7826","X.1835.LC61.pael","X-1835","mutation"
"7827","X.1835.LE11","X-1835","mutation"
"7828","X.1835.LF27.biib","X-1835","mutation"
"7829","X.1835.LG47","X-1835","mutation"
"7830","X.1835.LL71","X-1835","mutation"
"7831","X.1835.pael","X-1835","mutation"
"7832","X.1835.uned","X-1835","mutation"
"7915","X.1934.BG98","X-1934","mutation"
"7916","X.1934.biib","X-1934","mutation"
"7917","X.1934.BK20","X-1934","mutation"
"7918","X.1934.BK20.biib","X-1934","mutation"
"7919","X.1934.BY19","X-1934","mutation"
"7920","X.1934.BY19.LG47","X-1934","mutation"
"7921","X.1934.BY19.LJ16","X-1934","mutation"
"7922","X.1934.ceab","X-1934","mutation"
"7923","X.1934.CG97","X-1934","mutation"
"7924","X.1934.CK20","X-1934","mutation"
"7925","X.1934.CL57","X-1934","mutation"
"7926","X.1934.erib","X-1934","mutation"
"7927","X.1934.HD01","X-1934","mutation"
"7928","X.1934.HS90","X-1934","mutation"
"7929","X.1934.IN80","X-1934","mutation"
"7930","X.1934.LC61.pael","X-1934","mutation"
"7931","X.1934.LE11","X-1934","mutation"
"7932","X.1934.LF27.biib","X-1934","mutation"
"7933","X.1934.LG47","X-1934","mutation"
"7934","X.1934.LL71","X-1934","mutation"
"7935","X.1934.pael","X-1934","mutation"
"7936","X.1934.uned","X-1934","mutation"
"7962","X.1979.LF27.biib","X-1979","mutation"
"7963","X.1980.BG98","X-1980","mutation"
"7964","X.1980.biib","X-1980","mutation"
"7965","X.1980.BK20","X-1980","mutation"
"7966","X.1980.BK20.biib","X-1980","mutation"
"7967","X.1980.BY19","X-1980","mutation"
"7968","X.1980.BY19.LG47","X-1980","mutation"
"7969","X.1980.BY19.LJ16","X-1980","mutation"
"7970","X.1980.ceab","X-1980","mutation"
"7971","X.1980.CG97","X-1980","mutation"
"7972","X.1980.CK20","X-1980","mutation"
"7973","X.1980.CL57","X-1980","mutation"
"7974","X.1980.erib","X-1980","mutation"
"7975","X.1980.HD01","X-1980","mutation"
"7976","X.1980.HS90","X-1980","mutation"
"7977","X.1980.IN80","X-1980","mutation"
"7978","X.1980.LC61.pael","X-1980","mutation"
"7979","X.1980.LE11","X-1980","mutation"
"7980","X.1980.LF27.biib","X-1980","mutation"
"7981","X.1980.LG47","X-1980","mutation"
"7982","X.1980.LL71","X-1980","mutation"
"7983","X.1980.pael","X-1980","mutation"
"7984","X.1980.uned","X-1980","mutation"
"7985","X.1993.BG98","X-1993","mutation"
"7986","X.1993.biib","X-1993","mutation"
"7987","X.1993.BK20","X-1993","mutation"
"7988","X.1993.BK20.biib","X-1993","mutation"
"7989","X.1993.BY19","X-1993","mutation"
"7990","X.1993.BY19.LG47","X-1993","mutation"
"7991","X.1993.BY19.LJ16","X-1993","mutation"
"7992","X.1993.ceab","X-1993","mutation"
"7993","X.1993.CG97","X-1993","mutation"
"7994","X.1993.CK20","X-1993","mutation"
"7995","X.1993.CL57","X-1993","mutation"
"7996","X.1993.erib","X-1993","mutation"
"7997","X.1993.HD01","X-1993","mutation"
"7998","X.1993.HS90","X-1993","mutation"
"7999","X.1993.IN80","X-1993","mutation"
"8000","X.1993.LC61.pael","X-1993","mutation"
"8001","X.1993.LE11","X-1993","mutation"
"8002","X.1993.LF27.biib","X-1993","mutation"
"8003","X.1993.LG47","X-1993","mutation"
"8004","X.1993.LL71","X-1993","mutation"
"8005","X.1993.pael","X-1993","mutation"
"8006","X.1993.uned","X-1993","mutation"
"8007","X.2017.BG98","X-2017","mutation"
"8008","X.2017.biib","X-2017","mutation"
"8009","X.2017.BK20","X-2017","mutation"
"8010","X.2017.BK20.biib","X-2017","mutation"
"8011","X.2017.BY19","X-2017","mutation"
"8012","X.2017.BY19.LG47","X-2017","mutation"
"8013","X.2017.BY19.LJ16","X-2017","mutation"
"8014","X.2017.ceab","X-2017","mutation"
"8015","X.2017.CG97","X-2017","mutation"
"8016","X.2017.CK20","X-2017","mutation"
"8017","X.2017.CL57","X-2017","mutation"
"8018","X.2017.erib","X-2017","mutation"
"8019","X.2017.HD01","X-2017","mutation"
"8020","X.2017.HS90","X-2017","mutation"
"8021","X.2017.IN80","X-2017","mutation"
"8022","X.2017.LC61.pael","X-2017","mutation"
"8023","X.2017.LE11","X-2017","mutation"
"8024","X.2017.LF27.biib","X-2017","mutation"
"8025","X.2017.LG47","X-2017","mutation"
"8026","X.2017.LL71","X-2017","mutation"
"8027","X.2017.pael","X-2017","mutation"
"8028","X.2017.uned","X-2017","mutation"
"8044","X.2042.BG98","X-2042","mutation"
"8045","X.2042.biib","X-2042","mutation"
"8046","X.2042.BK20","X-2042","mutation"
"8047","X.2042.BK20.biib","X-2042","mutation"
"8048","X.2042.BY19","X-2042","mutation"
"8049","X.2042.BY19.LG47","X-2042","mutation"
"8050","X.2042.BY19.LJ16","X-2042","mutation"
"8051","X.2042.ceab","X-2042","mutation"
"8052","X.2042.CG97","X-2042","mutation"
"8053","X.2042.CK20","X-2042","mutation"
"8054","X.2042.CL57","X-2042","mutation"
"8055","X.2042.erib","X-2042","mutation"
"8056","X.2042.HD01","X-2042","mutation"
"8057","X.2042.HS90","X-2042","mutation"
"8058","X.2042.IN80","X-2042","mutation"
"8059","X.2042.LC61.pael","X-2042","mutation"
"8060","X.2042.LE11","X-2042","mutation"
"8061","X.2042.LF27.biib","X-2042","mutation"
"8062","X.2042.LG47","X-2042","mutation"
"8063","X.2042.LL71","X-2042","mutation"
"8064","X.2042.pael","X-2042","mutation"
"8065","X.2042.uned","X-2042","mutation"
"8102","X.2082.BG98","X-2082","mutation"
"8103","X.2082.biib","X-2082","mutation"
"8104","X.2082.BK20","X-2082","mutation"
"8105","X.2082.BK20.biib","X-2082","mutation"
"8106","X.2082.BY19","X-2082","mutation"
"8107","X.2082.BY19.LG47","X-2082","mutation"
"8108","X.2082.BY19.LJ16","X-2082","mutation"
"8109","X.2082.ceab","X-2082","mutation"
"8110","X.2082.CG97","X-2082","mutation"
"8111","X.2082.CK20","X-2082","mutation"
"8112","X.2082.CL57","X-2082","mutation"
"8113","X.2082.erib","X-2082","mutation"
"8114","X.2082.HD01","X-2082","mutation"
"8115","X.2082.HS90","X-2082","mutation"
"8116","X.2082.IN80","X-2082","mutation"
"8117","X.2082.LC61.pael","X-2082","mutation"
"8118","X.2082.LE11","X-2082","mutation"
"8119","X.2082.LF27.biib","X-2082","mutation"
"8120","X.2082.LG47","X-2082","mutation"
"8121","X.2082.LL71","X-2082","mutation"
"8122","X.2082.pael","X-2082","mutation"
"8123","X.2082.uned","X-2082","mutation"
"8124","X.2088.BG98","X-2088","mutation"
"8125","X.2088.biib","X-2088","mutation"
"8126","X.2088.BK20","X-2088","mutation"
"8127","X.2088.BK20.biib","X-2088","mutation"
"8128","X.2088.BY19","X-2088","mutation"
"8129","X.2088.BY19.LG47","X-2088","mutation"
"8130","X.2088.BY19.LJ16","X-2088","mutation"
"8131","X.2088.ceab","X-2088","mutation"
"8132","X.2088.CG97","X-2088","mutation"
"8133","X.2088.CK20","X-2088","mutation"
"8134","X.2088.CL57","X-2088","mutation"
"8135","X.2088.erib","X-2088","mutation"
"8136","X.2088.HD01","X-2088","mutation"
"8137","X.2088.HS90","X-2088","mutation"
"8138","X.2088.IN80","X-2088","mutation"
"8139","X.2088.LC61.pael","X-2088","mutation"
"8140","X.2088.LE11","X-2088","mutation"
"8141","X.2088.LF27.biib","X-2088","mutation"
"8142","X.2088.LG47","X-2088","mutation"
"8143","X.2088.LL71","X-2088","mutation"
"8144","X.2088.uned","X-2088","mutation"
"8145","X.2094.BG98","X-2094","mutation"
"8146","X.2094.biib","X-2094","mutation"
"8147","X.2094.BK20","X-2094","mutation"
"8148","X.2094.BK20.biib","X-2094","mutation"
"8149","X.2094.BY19","X-2094","mutation"
"8150","X.2094.BY19.LG47","X-2094","mutation"
"8151","X.2094.BY19.LJ16","X-2094","mutation"
"8152","X.2094.ceab","X-2094","mutation"
"8153","X.2094.CG97","X-2094","mutation"
"8154","X.2094.CK20","X-2094","mutation"
"8155","X.2094.CL57","X-2094","mutation"
"8156","X.2094.erib","X-2094","mutation"
"8157","X.2094.HD01","X-2094","mutation"
"8158","X.2094.HS90","X-2094","mutation"
"8159","X.2094.IN80","X-2094","mutation"
"8160","X.2094.LC61.pael","X-2094","mutation"
"8161","X.2094.LE11","X-2094","mutation"
"8162","X.2094.LF27.biib","X-2094","mutation"
"8163","X.2094.LG47","X-2094","mutation"
"8164","X.2094.LL71","X-2094","mutation"
"8165","X.2094.pael","X-2094","mutation"
"8166","X.2094.uned","X-2094","mutation"
"8907","X.3029.BG98","X-3029","mutation"
"8908","X.3029.biib","X-3029","mutation"
"8909","X.3029.BK20","X-3029","mutation"
"8910","X.3029.BK20.biib","X-3029","mutation"
"8911","X.3029.BY19","X-3029","mutation"
"8912","X.3029.BY19.LG47","X-3029","mutation"
"8913","X.3029.BY19.LJ16","X-3029","mutation"
"8914","X.3029.ceab","X-3029","mutation"
"8915","X.3029.CG97","X-3029","mutation"
"8916","X.3029.CK20","X-3029","mutation"
"8917","X.3029.CL57","X-3029","mutation"
"8918","X.3029.erib","X-3029","mutation"
"8919","X.3029.HD01","X-3029","mutation"
"8920","X.3029.HS90","X-3029","mutation"
"8921","X.3029.IN80","X-3029","mutation"
"8922","X.3029.LC61.pael","X-3029","mutation"
"8923","X.3029.LE11","X-3029","mutation"
"8924","X.3029.LG47","X-3029","mutation"
"8925","X.3029.LL71","X-3029","mutation"
"8926","X.3029.pael","X-3029","mutation"
"8927","X.3029.uned","X-3029","mutation"
"9131","X.3237.BG98","X-3237","mutation"
"9132","X.3237.biib","X-3237","mutation"
"9133","X.3237.BK20","X-3237","mutation"
"9134","X.3237.BK20.biib","X-3237","mutation"
"9135","X.3237.BY19","X-3237","mutation"
"9136","X.3237.BY19.LG47","X-3237","mutation"
"9137","X.3237.BY19.LJ16","X-3237","mutation"
"9138","X.3237.ceab","X-3237","mutation"
"9139","X.3237.CG97","X-3237","mutation"
"9140","X.3237.CK20","X-3237","mutation"
"9141","X.3237.CL57","X-3237","mutation"
"9142","X.3237.erib","X-3237","mutation"
"9143","X.3237.HD01","X-3237","mutation"
"9144","X.3237.HS90","X-3237","mutation"
"9145","X.3237.IN80","X-3237","mutation"
"9146","X.3237.LC61.pael","X-3237","mutation"
"9147","X.3237.LE11","X-3237","mutation"
"9148","X.3237.LF27.biib","X-3237","mutation"
"9149","X.3237.LG47","X-3237","mutation"
"9150","X.3237.LL71","X-3237","mutation"
"9151","X.3237.pael","X-3237","mutation"
"9152","X.3237.uned","X-3237","mutation"
"9451","X.3843.BG98","X-3843","mutation"
"9452","X.3843.biib","X-3843","mutation"
"9453","X.3843.BK20","X-3843","mutation"
"9454","X.3843.BK20.biib","X-3843","mutation"
"9455","X.3843.BY19","X-3843","mutation"
"9456","X.3843.BY19.LG47","X-3843","mutation"
"9457","X.3843.BY19.LJ16","X-3843","mutation"
"9458","X.3843.ceab","X-3843","mutation"
"9459","X.3843.CG97","X-3843","mutation"
"9460","X.3843.CK20","X-3843","mutation"
"9461","X.3843.CL57","X-3843","mutation"
"9462","X.3843.erib","X-3843","mutation"
"9463","X.3843.HD01","X-3843","mutation"
"9464","X.3843.HS90","X-3843","mutation"
"9465","X.3843.IN80","X-3843","mutation"
"9466","X.3843.LC61.pael","X-3843","mutation"
"9467","X.3843.LE11","X-3843","mutation"
"9468","X.3843.LF27.biib","X-3843","mutation"
"9469","X.3843.LG47","X-3843","mutation"
"9470","X.3843.LL71","X-3843","mutation"
"9471","X.3843.pael","X-3843","mutation"
"9472","X.3843.uned","X-3843","mutation"
"9983","X.4819.BG98","X-4819","mutation"
"9984","X.4819.biib","X-4819","mutation"
"9985","X.4819.BK20","X-4819","mutation"
"9986","X.4819.BK20.biib","X-4819","mutation"
"9987","X.4819.BY19","X-4819","mutation"
"9988","X.4819.BY19.LG47","X-4819","mutation"
"9989","X.4819.BY19.LJ16","X-4819","mutation"
"9990","X.4819.ceab","X-4819","mutation"
"9991","X.4819.CG97","X-4819","mutation"
"9992","X.4819.CK20","X-4819","mutation"
"9993","X.4819.CL57","X-4819","mutation"
"9994","X.4819.erib","X-4819","mutation"
"9995","X.4819.HD01","X-4819","mutation"
"9996","X.4819.HS90","X-4819","mutation"
"9997","X.4819.IN80","X-4819","mutation"
"9998","X.4819.LC61.pael","X-4819","mutation"
"9999","X.4819.LE11","X-4819","mutation"
"10000","X.4819.LF27.biib","X-4819","mutation"
"10001","X.4819.LG47","X-4819","mutation"
"10002","X.4819.LL71","X-4819","mutation"
"10003","X.4819.pael","X-4819","mutation"
"10004","X.4819.uned","X-4819","mutation"
"10498","X.1156.BG98","X-1156","cnv"
"10499","X.1156.biib","X-1156","cnv"
"10500","X.1156.BK20","X-1156","cnv"
"10501","X.1156.BK20.biib","X-1156","cnv"
"10502","X.1156.BY19","X-1156","cnv"
"10503","X.1156.BY19.LG47","X-1156","cnv"
"10504","X.1156.BY19.LJ16","X-1156","cnv"
"10505","X.1156.ceab","X-1156","cnv"
"10506","X.1156.CG97","X-1156","cnv"
"10507","X.1156.CK20","X-1156","cnv"
"10508","X.1156.CL57","X-1156","cnv"
"10509","X.1156.erib","X-1156","cnv"
"10510","X.1156.HD01","X-1156","cnv"
"10511","X.1156.HS90","X-1156","cnv"
"10512","X.1156.IN80","X-1156","cnv"
"10513","X.1156.LC61.pael","X-1156","cnv"
"10514","X.1156.LE11","X-1156","cnv"
"10515","X.1156.LF27.biib","X-1156","cnv"
"10516","X.1156.LG47","X-1156","cnv"
"10517","X.1156.LL71","X-1156","cnv"
"10518","X.1156.pael","X-1156","cnv"
"10519","X.1156.uned","X-1156","cnv"
"10542","X.1172.BG98","X-1172","cnv"
"10543","X.1172.biib","X-1172","cnv"
"10544","X.1172.BK20","X-1172","cnv"
"10545","X.1172.BK20.biib","X-1172","cnv"
"10546","X.1172.BY19","X-1172","cnv"
"10547","X.1172.BY19.LG47","X-1172","cnv"
"10548","X.1172.BY19.LJ16","X-1172","cnv"
"10549","X.1172.ceab","X-1172","cnv"
"10550","X.1172.CG97","X-1172","cnv"
"10551","X.1172.CK20","X-1172","cnv"
"10552","X.1172.CL57","X-1172","cnv"
"10553","X.1172.erib","X-1172","cnv"
"10554","X.1172.HD01","X-1172","cnv"
"10555","X.1172.HS90","X-1172","cnv"
"10556","X.1172.IN80","X-1172","cnv"
"10557","X.1172.LC61.pael","X-1172","cnv"
"10558","X.1172.LE11","X-1172","cnv"
"10559","X.1172.LF27.biib","X-1172","cnv"
"10560","X.1172.LG47","X-1172","cnv"
"10561","X.1172.LL71","X-1172","cnv"
"10562","X.1172.pael","X-1172","cnv"
"10563","X.1172.uned","X-1172","cnv"
"10717","X.1323.BG98","X-1323","cnv"
"10718","X.1323.biib","X-1323","cnv"
"10719","X.1323.BK20","X-1323","cnv"
"10720","X.1323.BK20.biib","X-1323","cnv"
"10721","X.1323.BY19","X-1323","cnv"
"10722","X.1323.BY19.LG47","X-1323","cnv"
"10723","X.1323.BY19.LJ16","X-1323","cnv"
"10724","X.1323.ceab","X-1323","cnv"
"10725","X.1323.CG97","X-1323","cnv"
"10726","X.1323.CK20","X-1323","cnv"
"10727","X.1323.CL57","X-1323","cnv"
"10728","X.1323.erib","X-1323","cnv"
"10729","X.1323.HD01","X-1323","cnv"
"10730","X.1323.HS90","X-1323","cnv"
"10731","X.1323.IN80","X-1323","cnv"
"10732","X.1323.LC61.pael","X-1323","cnv"
"10733","X.1323.LE11","X-1323","cnv"
"10734","X.1323.LF27.biib","X-1323","cnv"
"10735","X.1323.LG47","X-1323","cnv"
"10736","X.1323.LL71","X-1323","cnv"
"10737","X.1323.pael","X-1323","cnv"
"10738","X.1323.uned","X-1323","cnv"
"10868","X.1442.BG98","X-1442","cnv"
"10869","X.1442.biib","X-1442","cnv"
"10870","X.1442.BK20","X-1442","cnv"
"10871","X.1442.BK20.biib","X-1442","cnv"
"10872","X.1442.BY19","X-1442","cnv"
"10873","X.1442.BY19.LG47","X-1442","cnv"
"10874","X.1442.BY19.LJ16","X-1442","cnv"
"10875","X.1442.ceab","X-1442","cnv"
"10876","X.1442.CG97","X-1442","cnv"
"10877","X.1442.CK20","X-1442","cnv"
"10878","X.1442.CL57","X-1442","cnv"
"10879","X.1442.erib","X-1442","cnv"
"10880","X.1442.HD01","X-1442","cnv"
"10881","X.1442.HS90","X-1442","cnv"
"10882","X.1442.IN80","X-1442","cnv"
"10883","X.1442.LC61.pael","X-1442","cnv"
"10884","X.1442.LE11","X-1442","cnv"
"10885","X.1442.LG47","X-1442","cnv"
"10886","X.1442.LL71","X-1442","cnv"
"10887","X.1442.pael","X-1442","cnv"
"10888","X.1442.uned","X-1442","cnv"
"10954","X.1499.BG98","X-1499","cnv"
"10955","X.1499.biib","X-1499","cnv"
"10956","X.1499.BK20","X-1499","cnv"
"10957","X.1499.BK20.biib","X-1499","cnv"
"10958","X.1499.BY19","X-1499","cnv"
"10959","X.1499.BY19.LG47","X-1499","cnv"
"10960","X.1499.BY19.LJ16","X-1499","cnv"
"10961","X.1499.ceab","X-1499","cnv"
"10962","X.1499.CG97","X-1499","cnv"
"10963","X.1499.CK20","X-1499","cnv"
"10964","X.1499.CL57","X-1499","cnv"
"10965","X.1499.erib","X-1499","cnv"
"10966","X.1499.HD01","X-1499","cnv"
"10967","X.1499.HS90","X-1499","cnv"
"10968","X.1499.IN80","X-1499","cnv"
"10969","X.1499.LC61.pael","X-1499","cnv"
"10970","X.1499.LE11","X-1499","cnv"
"10971","X.1499.LF27.biib","X-1499","cnv"
"10972","X.1499.LG47","X-1499","cnv"
"10973","X.1499.LL71","X-1499","cnv"
"10974","X.1499.pael","X-1499","cnv"
"10975","X.1499.uned","X-1499","cnv"
"11025","X.1586.BG98","X-1586","cnv"
"11026","X.1586.biib","X-1586","cnv"
"11027","X.1586.BK20","X-1586","cnv"
"11028","X.1586.BK20.biib","X-1586","cnv"
"11029","X.1586.BY19","X-1586","cnv"
"11030","X.1586.BY19.LG47","X-1586","cnv"
"11031","X.1586.BY19.LJ16","X-1586","cnv"
"11032","X.1586.ceab","X-1586","cnv"
"11033","X.1586.CG97","X-1586","cnv"
"11034","X.1586.CK20","X-1586","cnv"
"11035","X.1586.CL57","X-1586","cnv"
"11036","X.1586.erib","X-1586","cnv"
"11037","X.1586.HD01","X-1586","cnv"
"11038","X.1586.HS90","X-1586","cnv"
"11039","X.1586.IN80","X-1586","cnv"
"11040","X.1586.LC61.pael","X-1586","cnv"
"11041","X.1586.LE11","X-1586","cnv"
"11042","X.1586.LF27.biib","X-1586","cnv"
"11043","X.1586.LG47","X-1586","cnv"
"11044","X.1586.LL71","X-1586","cnv"
"11045","X.1586.pael","X-1586","cnv"
"11046","X.1586.uned","X-1586","cnv"
"11106","X.1658.BG98","X-1658","cnv"
"11107","X.1658.biib","X-1658","cnv"
"11108","X.1658.BK20","X-1658","cnv"
"11109","X.1658.BK20.biib","X-1658","cnv"
"11110","X.1658.BY19","X-1658","cnv"
"11111","X.1658.BY19.LG47","X-1658","cnv"
"11112","X.1658.BY19.LJ16","X-1658","cnv"
"11113","X.1658.ceab","X-1658","cnv"
"11114","X.1658.CG97","X-1658","cnv"
"11115","X.1658.CK20","X-1658","cnv"
"11116","X.1658.CL57","X-1658","cnv"
"11117","X.1658.erib","X-1658","cnv"
"11118","X.1658.HD01","X-1658","cnv"
"11119","X.1658.HS90","X-1658","cnv"
"11120","X.1658.IN80","X-1658","cnv"
"11121","X.1658.LC61.pael","X-1658","cnv"
"11122","X.1658.LE11","X-1658","cnv"
"11123","X.1658.LF27.biib","X-1658","cnv"
"11124","X.1658.LG47","X-1658","cnv"
"11125","X.1658.LL71","X-1658","cnv"
"11126","X.1658.pael","X-1658","cnv"
"11127","X.1658.uned","X-1658","cnv"
"11128","X.1683.BG98","X-1683","cnv"
"11129","X.1683.biib","X-1683","cnv"
"11130","X.1683.BK20","X-1683","cnv"
"11131","X.1683.BK20.biib","X-1683","cnv"
"11132","X.1683.BY19","X-1683","cnv"
"11133","X.1683.BY19.LG47","X-1683","cnv"
"11134","X.1683.BY19.LJ16","X-1683","cnv"
"11135","X.1683.ceab","X-1683","cnv"
"11136","X.1683.CG97","X-1683","cnv"
"11137","X.1683.CK20","X-1683","cnv"
"11138","X.1683.CL57","X-1683","cnv"
"11139","X.1683.erib","X-1683","cnv"
"11140","X.1683.HD01","X-1683","cnv"
"11141","X.1683.HS90","X-1683","cnv"
"11142","X.1683.IN80","X-1683","cnv"
"11143","X.1683.LC61.pael","X-1683","cnv"
"11144","X.1683.LE11","X-1683","cnv"
"11145","X.1683.LG47","X-1683","cnv"
"11146","X.1683.LL71","X-1683","cnv"
"11147","X.1683.pael","X-1683","cnv"
"11148","X.1683.uned","X-1683","cnv"
"11149","X.1725.BG98","X-1725","cnv"
"11150","X.1725.biib","X-1725","cnv"
"11151","X.1725.BK20","X-1725","cnv"
"11152","X.1725.BK20.biib","X-1725","cnv"
"11153","X.1725.BY19","X-1725","cnv"
"11154","X.1725.BY19.LG47","X-1725","cnv"
"11155","X.1725.BY19.LJ16","X-1725","cnv"
"11156","X.1725.ceab","X-1725","cnv"
"11157","X.1725.CG97","X-1725","cnv"
"11158","X.1725.CK20","X-1725","cnv"
"11159","X.1725.CL57","X-1725","cnv"
"11160","X.1725.erib","X-1725","cnv"
"11161","X.1725.HD01","X-1725","cnv"
"11162","X.1725.HS90","X-1725","cnv"
"11163","X.1725.IN80","X-1725","cnv"
"11164","X.1725.LC61.pael","X-1725","cnv"
"11165","X.1725.LE11","X-1725","cnv"
"11166","X.1725.LF27.biib","X-1725","cnv"
"11167","X.1725.LG47","X-1725","cnv"
"11168","X.1725.LL71","X-1725","cnv"
"11169","X.1725.pael","X-1725","cnv"
"11170","X.1725.uned","X-1725","cnv"
"11171","X.1787.BG98","X-1787","cnv"
"11172","X.1787.biib","X-1787","cnv"
"11173","X.1787.BK20","X-1787","cnv"
"11174","X.1787.BK20.biib","X-1787","cnv"
"11175","X.1787.BY19","X-1787","cnv"
"11176","X.1787.BY19.LG47","X-1787","cnv"
"11177","X.1787.BY19.LJ16","X-1787","cnv"
"11178","X.1787.ceab","X-1787","cnv"
"11179","X.1787.CG97","X-1787","cnv"
"11180","X.1787.CK20","X-1787","cnv"
"11181","X.1787.CL57","X-1787","cnv"
"11182","X.1787.erib","X-1787","cnv"
"11183","X.1787.HD01","X-1787","cnv"
"11184","X.1787.HS90","X-1787","cnv"
"11185","X.1787.IN80","X-1787","cnv"
"11186","X.1787.LC61.pael","X-1787","cnv"
"11187","X.1787.LE11","X-1787","cnv"
"11188","X.1787.LF27.biib","X-1787","cnv"
"11189","X.1787.LG47","X-1787","cnv"
"11190","X.1787.LL71","X-1787","cnv"
"11191","X.1787.pael","X-1787","cnv"
"11192","X.1787.uned","X-1787","cnv"
"11193","X.1795.LF27.biib","X-1795","cnv"
"11194","X.1823.BG98","X-1823","cnv"
"11195","X.1823.biib","X-1823","cnv"
"11196","X.1823.BK20","X-1823","cnv"
"11197","X.1823.BK20.biib","X-1823","cnv"
"11198","X.1823.BY19","X-1823","cnv"
"11199","X.1823.BY19.LG47","X-1823","cnv"
"11200","X.1823.BY19.LJ16","X-1823","cnv"
"11201","X.1823.ceab","X-1823","cnv"
"11202","X.1823.CG97","X-1823","cnv"
"11203","X.1823.CK20","X-1823","cnv"
"11204","X.1823.CL57","X-1823","cnv"
"11205","X.1823.erib","X-1823","cnv"
"11206","X.1823.HD01","X-1823","cnv"
"11207","X.1823.HS90","X-1823","cnv"
"11208","X.1823.IN80","X-1823","cnv"
"11209","X.1823.LC61.pael","X-1823","cnv"
"11210","X.1823.LE11","X-1823","cnv"
"11211","X.1823.LF27.biib","X-1823","cnv"
"11212","X.1823.LG47","X-1823","cnv"
"11213","X.1823.LL71","X-1823","cnv"
"11214","X.1823.pael","X-1823","cnv"
"11215","X.1823.uned","X-1823","cnv"
"11259","X.1834.BG98","X-1834","cnv"
"11260","X.1834.biib","X-1834","cnv"
"11261","X.1834.BK20","X-1834","cnv"
"11262","X.1834.BK20.biib","X-1834","cnv"
"11263","X.1834.BY19","X-1834","cnv"
"11264","X.1834.BY19.LG47","X-1834","cnv"
"11265","X.1834.BY19.LJ16","X-1834","cnv"
"11266","X.1834.ceab","X-1834","cnv"
"11267","X.1834.CG97","X-1834","cnv"
"11268","X.1834.CK20","X-1834","cnv"
"11269","X.1834.CL57","X-1834","cnv"
"11270","X.1834.erib","X-1834","cnv"
"11271","X.1834.HD01","X-1834","cnv"
"11272","X.1834.HS90","X-1834","cnv"
"11273","X.1834.IN80","X-1834","cnv"
"11274","X.1834.LC61.pael","X-1834","cnv"
"11275","X.1834.LE11","X-1834","cnv"
"11276","X.1834.LF27.biib","X-1834","cnv"
"11277","X.1834.LG47","X-1834","cnv"
"11278","X.1834.LL71","X-1834","cnv"
"11279","X.1834.pael","X-1834","cnv"
"11280","X.1834.uned","X-1834","cnv"
"11281","X.1835.BG98","X-1835","cnv"
"11282","X.1835.biib","X-1835","cnv"
"11283","X.1835.BK20","X-1835","cnv"
"11284","X.1835.BK20.biib","X-1835","cnv"
"11285","X.1835.BY19","X-1835","cnv"
"11286","X.1835.BY19.LG47","X-1835","cnv"
"11287","X.1835.BY19.LJ16","X-1835","cnv"
"11288","X.1835.ceab","X-1835","cnv"
"11289","X.1835.CG97","X-1835","cnv"
"11290","X.1835.CK20","X-1835","cnv"
"11291","X.1835.CL57","X-1835","cnv"
"11292","X.1835.erib","X-1835","cnv"
"11293","X.1835.HD01","X-1835","cnv"
"11294","X.1835.HS90","X-1835","cnv"
"11295","X.1835.IN80","X-1835","cnv"
"11296","X.1835.LC61.pael","X-1835","cnv"
"11297","X.1835.LE11","X-1835","cnv"
"11298","X.1835.LF27.biib","X-1835","cnv"
"11299","X.1835.LG47","X-1835","cnv"
"11300","X.1835.LL71","X-1835","cnv"
"11301","X.1835.pael","X-1835","cnv"
"11302","X.1835.uned","X-1835","cnv"
"11385","X.1934.BG98","X-1934","cnv"
"11386","X.1934.biib","X-1934","cnv"
"11387","X.1934.BK20","X-1934","cnv"
"11388","X.1934.BK20.biib","X-1934","cnv"
"11389","X.1934.BY19","X-1934","cnv"
"11390","X.1934.BY19.LG47","X-1934","cnv"
"11391","X.1934.BY19.LJ16","X-1934","cnv"
"11392","X.1934.ceab","X-1934","cnv"
"11393","X.1934.CG97","X-1934","cnv"
"11394","X.1934.CK20","X-1934","cnv"
"11395","X.1934.CL57","X-1934","cnv"
"11396","X.1934.erib","X-1934","cnv"
"11397","X.1934.HD01","X-1934","cnv"
"11398","X.1934.HS90","X-1934","cnv"
"11399","X.1934.IN80","X-1934","cnv"
"11400","X.1934.LC61.pael","X-1934","cnv"
"11401","X.1934.LE11","X-1934","cnv"
"11402","X.1934.LF27.biib","X-1934","cnv"
"11403","X.1934.LG47","X-1934","cnv"
"11404","X.1934.LL71","X-1934","cnv"
"11405","X.1934.pael","X-1934","cnv"
"11406","X.1934.uned","X-1934","cnv"
"11432","X.1979.LF27.biib","X-1979","cnv"
"11433","X.1980.BG98","X-1980","cnv"
"11434","X.1980.biib","X-1980","cnv"
"11435","X.1980.BK20","X-1980","cnv"
"11436","X.1980.BK20.biib","X-1980","cnv"
"11437","X.1980.BY19","X-1980","cnv"
"11438","X.1980.BY19.LG47","X-1980","cnv"
"11439","X.1980.BY19.LJ16","X-1980","cnv"
"11440","X.1980.ceab","X-1980","cnv"
"11441","X.1980.CG97","X-1980","cnv"
"11442","X.1980.CK20","X-1980","cnv"
"11443","X.1980.CL57","X-1980","cnv"
"11444","X.1980.erib","X-1980","cnv"
"11445","X.1980.HD01","X-1980","cnv"
"11446","X.1980.HS90","X-1980","cnv"
"11447","X.1980.IN80","X-1980","cnv"
"11448","X.1980.LC61.pael","X-1980","cnv"
"11449","X.1980.LE11","X-1980","cnv"
"11450","X.1980.LF27.biib","X-1980","cnv"
"11451","X.1980.LG47","X-1980","cnv"
"11452","X.1980.LL71","X-1980","cnv"
"11453","X.1980.pael","X-1980","cnv"
"11454","X.1980.uned","X-1980","cnv"
"11455","X.1993.BG98","X-1993","cnv"
"11456","X.1993.biib","X-1993","cnv"
"11457","X.1993.BK20","X-1993","cnv"
"11458","X.1993.BK20.biib","X-1993","cnv"
"11459","X.1993.BY19","X-1993","cnv"
"11460","X.1993.BY19.LG47","X-1993","cnv"
"11461","X.1993.BY19.LJ16","X-1993","cnv"
"11462","X.1993.ceab","X-1993","cnv"
"11463","X.1993.CG97","X-1993","cnv"
"11464","X.1993.CK20","X-1993","cnv"
"11465","X.1993.CL57","X-1993","cnv"
"11466","X.1993.erib","X-1993","cnv"
"11467","X.1993.HD01","X-1993","cnv"
"11468","X.1993.HS90","X-1993","cnv"
"11469","X.1993.IN80","X-1993","cnv"
"11470","X.1993.LC61.pael","X-1993","cnv"
"11471","X.1993.LE11","X-1993","cnv"
"11472","X.1993.LF27.biib","X-1993","cnv"
"11473","X.1993.LG47","X-1993","cnv"
"11474","X.1993.LL71","X-1993","cnv"
"11475","X.1993.pael","X-1993","cnv"
"11476","X.1993.uned","X-1993","cnv"
"11477","X.2017.BG98","X-2017","cnv"
"11478","X.2017.biib","X-2017","cnv"
"11479","X.2017.BK20","X-2017","cnv"
"11480","X.2017.BK20.biib","X-2017","cnv"
"11481","X.2017.BY19","X-2017","cnv"
"11482","X.2017.BY19.LG47","X-2017","cnv"
"11483","X.2017.BY19.LJ16","X-2017","cnv"
"11484","X.2017.ceab","X-2017","cnv"
"11485","X.2017.CG97","X-2017","cnv"
"11486","X.2017.CK20","X-2017","cnv"
"11487","X.2017.CL57","X-2017","cnv"
"11488","X.2017.erib","X-2017","cnv"
"11489","X.2017.HD01","X-2017","cnv"
"11490","X.2017.HS90","X-2017","cnv"
"11491","X.2017.IN80","X-2017","cnv"
"11492","X.2017.LC61.pael","X-2017","cnv"
"11493","X.2017.LE11","X-2017","cnv"
"11494","X.2017.LF27.biib","X-2017","cnv"
"11495","X.2017.LG47","X-2017","cnv"
"11496","X.2017.LL71","X-2017","cnv"
"11497","X.2017.pael","X-2017","cnv"
"11498","X.2017.uned","X-2017","cnv"
"11514","X.2042.BG98","X-2042","cnv"
"11515","X.2042.biib","X-2042","cnv"
"11516","X.2042.BK20","X-2042","cnv"
"11517","X.2042.BK20.biib","X-2042","cnv"
"11518","X.2042.BY19","X-2042","cnv"
"11519","X.2042.BY19.LG47","X-2042","cnv"
"11520","X.2042.BY19.LJ16","X-2042","cnv"
"11521","X.2042.ceab","X-2042","cnv"
"11522","X.2042.CG97","X-2042","cnv"
"11523","X.2042.CK20","X-2042","cnv"
"11524","X.2042.CL57","X-2042","cnv"
"11525","X.2042.erib","X-2042","cnv"
"11526","X.2042.HD01","X-2042","cnv"
"11527","X.2042.HS90","X-2042","cnv"
"11528","X.2042.IN80","X-2042","cnv"
"11529","X.2042.LC61.pael","X-2042","cnv"
"11530","X.2042.LE11","X-2042","cnv"
"11531","X.2042.LF27.biib","X-2042","cnv"
"11532","X.2042.LG47","X-2042","cnv"
"11533","X.2042.LL71","X-2042","cnv"
"11534","X.2042.pael","X-2042","cnv"
"11535","X.2042.uned","X-2042","cnv"
"11572","X.2082.BG98","X-2082","cnv"
"11573","X.2082.biib","X-2082","cnv"
"11574","X.2082.BK20","X-2082","cnv"
"11575","X.2082.BK20.biib","X-2082","cnv"
"11576","X.2082.BY19","X-2082","cnv"
"11577","X.2082.BY19.LG47","X-2082","cnv"
"11578","X.2082.BY19.LJ16","X-2082","cnv"
"11579","X.2082.ceab","X-2082","cnv"
"11580","X.2082.CG97","X-2082","cnv"
"11581","X.2082.CK20","X-2082","cnv"
"11582","X.2082.CL57","X-2082","cnv"
"11583","X.2082.erib","X-2082","cnv"
"11584","X.2082.HD01","X-2082","cnv"
"11585","X.2082.HS90","X-2082","cnv"
"11586","X.2082.IN80","X-2082","cnv"
"11587","X.2082.LC61.pael","X-2082","cnv"
"11588","X.2082.LE11","X-2082","cnv"
"11589","X.2082.LF27.biib","X-2082","cnv"
"11590","X.2082.LG47","X-2082","cnv"
"11591","X.2082.LL71","X-2082","cnv"
"11592","X.2082.pael","X-2082","cnv"
"11593","X.2082.uned","X-2082","cnv"
"11594","X.2088.BG98","X-2088","cnv"
"11595","X.2088.biib","X-2088","cnv"
"11596","X.2088.BK20","X-2088","cnv"
"11597","X.2088.BK20.biib","X-2088","cnv"
"11598","X.2088.BY19","X-2088","cnv"
"11599","X.2088.BY19.LG47","X-2088","cnv"
"11600","X.2088.BY19.LJ16","X-2088","cnv"
"11601","X.2088.ceab","X-2088","cnv"
"11602","X.2088.CG97","X-2088","cnv"
"11603","X.2088.CK20","X-2088","cnv"
"11604","X.2088.CL57","X-2088","cnv"
"11605","X.2088.erib","X-2088","cnv"
"11606","X.2088.HD01","X-2088","cnv"
"11607","X.2088.HS90","X-2088","cnv"
"11608","X.2088.IN80","X-2088","cnv"
"11609","X.2088.LC61.pael","X-2088","cnv"
"11610","X.2088.LE11","X-2088","cnv"
"11611","X.2088.LF27.biib","X-2088","cnv"
"11612","X.2088.LG47","X-2088","cnv"
"11613","X.2088.LL71","X-2088","cnv"
"11614","X.2088.uned","X-2088","cnv"
"11615","X.2094.BG98","X-2094","cnv"
"11616","X.2094.biib","X-2094","cnv"
"11617","X.2094.BK20","X-2094","cnv"
"11618","X.2094.BK20.biib","X-2094","cnv"
"11619","X.2094.BY19","X-2094","cnv"
"11620","X.2094.BY19.LG47","X-2094","cnv"
"11621","X.2094.BY19.LJ16","X-2094","cnv"
"11622","X.2094.ceab","X-2094","cnv"
"11623","X.2094.CG97","X-2094","cnv"
"11624","X.2094.CK20","X-2094","cnv"
"11625","X.2094.CL57","X-2094","cnv"
"11626","X.2094.erib","X-2094","cnv"
"11627","X.2094.HD01","X-2094","cnv"
"11628","X.2094.HS90","X-2094","cnv"
"11629","X.2094.IN80","X-2094","cnv"
"11630","X.2094.LC61.pael","X-2094","cnv"
"11631","X.2094.LE11","X-2094","cnv"
"11632","X.2094.LF27.biib","X-2094","cnv"
"11633","X.2094.LG47","X-2094","cnv"
"11634","X.2094.LL71","X-2094","cnv"
"11635","X.2094.pael","X-2094","cnv"
"11636","X.2094.uned","X-2094","cnv"
"12377","X.3029.BG98","X-3029","cnv"
"12378","X.3029.biib","X-3029","cnv"
"12379","X.3029.BK20","X-3029","cnv"
"12380","X.3029.BK20.biib","X-3029","cnv"
"12381","X.3029.BY19","X-3029","cnv"
"12382","X.3029.BY19.LG47","X-3029","cnv"
"12383","X.3029.BY19.LJ16","X-3029","cnv"
"12384","X.3029.ceab","X-3029","cnv"
"12385","X.3029.CG97","X-3029","cnv"
"12386","X.3029.CK20","X-3029","cnv"
"12387","X.3029.CL57","X-3029","cnv"
"12388","X.3029.erib","X-3029","cnv"
"12389","X.3029.HD01","X-3029","cnv"
"12390","X.3029.HS90","X-3029","cnv"
"12391","X.3029.IN80","X-3029","cnv"
"12392","X.3029.LC61.pael","X-3029","cnv"
"12393","X.3029.LE11","X-3029","cnv"
"12394","X.3029.LG47","X-3029","cnv"
"12395","X.3029.LL71","X-3029","cnv"
"12396","X.3029.pael","X-3029","cnv"
"12397","X.3029.uned","X-3029","cnv"
"12601","X.3237.BG98","X-3237","cnv"
"12602","X.3237.biib","X-3237","cnv"
"12603","X.3237.BK20","X-3237","cnv"
"12604","X.3237.BK20.biib","X-3237","cnv"
"12605","X.3237.BY19","X-3237","cnv"
"12606","X.3237.BY19.LG47","X-3237","cnv"
"12607","X.3237.BY19.LJ16","X-3237","cnv"
"12608","X.3237.ceab","X-3237","cnv"
"12609","X.3237.CG97","X-3237","cnv"
"12610","X.3237.CK20","X-3237","cnv"
"12611","X.3237.CL57","X-3237","cnv"
"12612","X.3237.erib","X-3237","cnv"
"12613","X.3237.HD01","X-3237","cnv"
"12614","X.3237.HS90","X-3237","cnv"
"12615","X.3237.IN80","X-3237","cnv"
"12616","X.3237.LC61.pael","X-3237","cnv"
"12617","X.3237.LE11","X-3237","cnv"
"12618","X.3237.LF27.biib","X-3237","cnv"
"12619","X.3237.LG47","X-3237","cnv"
"12620","X.3237.LL71","X-3237","cnv"
"12621","X.3237.pael","X-3237","cnv"
"12622","X.3237.uned","X-3237","cnv"
"12921","X.3843.BG98","X-3843","cnv"
"12922","X.3843.biib","X-3843","cnv"
"12923","X.3843.BK20","X-3843","cnv"
"12924","X.3843.BK20.biib","X-3843","cnv"
"12925","X.3843.BY19","X-3843","cnv"
"12926","X.3843.BY19.LG47","X-3843","cnv"
"12927","X.3843.BY19.LJ16","X-3843","cnv"
"12928","X.3843.ceab","X-3843","cnv"
"12929","X.3843.CG97","X-3843","cnv"
"12930","X.3843.CK20","X-3843","cnv"
"12931","X.3843.CL57","X-3843","cnv"
"12932","X.3843.erib","X-3843","cnv"
"12933","X.3843.HD01","X-3843","cnv"
"12934","X.3843.HS90","X-3843","cnv"
"12935","X.3843.IN80","X-3843","cnv"
"12936","X.3843.LC61.pael","X-3843","cnv"
"12937","X.3843.LE11","X-3843","cnv"
"12938","X.3843.LF27.biib","X-3843","cnv"
"12939","X.3843.LG47","X-3843","cnv"
"12940","X.3843.LL71","X-3843","cnv"
"12941","X.3843.pael","X-3843","cnv"
"12942","X.3843.uned","X-3843","cnv"
"13434","X.4819.BG98","X-4819","cnv"
"13435","X.4819.biib","X-4819","cnv"
"13436","X.4819.BK20","X-4819","cnv"
"13437","X.4819.BK20.biib","X-4819","cnv"
"13438","X.4819.BY19","X-4819","cnv"
"13439","X.4819.BY19.LG47","X-4819","cnv"
"13440","X.4819.BY19.LJ16","X-4819","cnv"
"13441","X.4819.ceab","X-4819","cnv"
"13442","X.4819.CG97","X-4819","cnv"
"13443","X.4819.CK20","X-4819","cnv"
"13444","X.4819.CL57","X-4819","cnv"
"13445","X.4819.erib","X-4819","cnv"
"13446","X.4819.HD01","X-4819","cnv"
"13447","X.4819.HS90","X-4819","cnv"
"13448","X.4819.IN80","X-4819","cnv"
"13449","X.4819.LC61.pael","X-4819","cnv"
"13450","X.4819.LE11","X-4819","cnv"
"13451","X.4819.LF27.biib","X-4819","cnv"
"13452","X.4819.LG47","X-4819","cnv"
"13453","X.4819.LL71","X-4819","cnv"
"13454","X.4819.pael","X-4819","cnv"
"13455","X.4819.uned","X-4819","cnv"
