"","batch.name","model.id","type"
"1","X-0933.5FU","X.0933.5FFU","treatment"
"2","X-0933.5FU","X.0933.uned","control"
"3","X-0933.binimetinib","X.0933.biib","treatment"
"4","X-0933.binimetinib","X.0933.uned","control"
"5","X-0933.BKM120","X.0933.BK20","treatment"
"6","X-0933.BKM120","X.0933.uned","control"
"7","X-0933.BKM120 + LJC049","X.0933.BK20.LJ49","treatment"
"8","X-0933.BKM120 + LJC049","X.0933.uned","control"
"9","X-0933.BYL719","X.0933.BY19","treatment"
"10","X-0933.BYL719","X.0933.uned","control"
"11","X-0933.BYL719 + binimetinib","X.0933.BY19.biib","treatment"
"12","X-0933.BYL719 + binimetinib","X.0933.uned","control"
"13","X-0933.BYL719 + cetuximab","X.0933.BY19.ceab","treatment"
"14","X-0933.BYL719 + cetuximab","X.0933.uned","control"
"15","X-0933.BYL719 + cetuximab + encorafenib","X.0933.BY19.ceab.enib","treatment"
"16","X-0933.BYL719 + cetuximab + encorafenib","X.0933.uned","control"
"17","X-0933.BYL719 + encorafenib","X.0933.BY19.enib","treatment"
"18","X-0933.BYL719 + encorafenib","X.0933.uned","control"
"19","X-0933.BYL719 + LJM716","X.0933.BY19.LJ16","treatment"
"20","X-0933.BYL719 + LJM716","X.0933.uned","control"
"21","X-0933.cetuximab","X.0933.ceab","treatment"
"22","X-0933.cetuximab","X.0933.uned","control"
"23","X-0933.cetuximab + encorafenib","X.0933.ceab.enib","treatment"
"24","X-0933.cetuximab + encorafenib","X.0933.uned","control"
"25","X-0933.CGM097","X.0933.CG97","treatment"
"26","X-0933.CGM097","X.0933.uned","control"
"27","X-0933.CKX620","X.0933.CK20","treatment"
"28","X-0933.CKX620","X.0933.uned","control"
"29","X-0933.CLR457","X.0933.CL57","treatment"
"30","X-0933.CLR457","X.0933.uned","control"
"31","X-0933.encorafenib","X.0933.enib","treatment"
"32","X-0933.encorafenib","X.0933.uned","control"
"33","X-0933.HDM201","X.0933.HD01","treatment"
"34","X-0933.HDM201","X.0933.uned","control"
"35","X-0933.LEE011","X.0933.LE11","treatment"
"36","X-0933.LEE011","X.0933.uned","control"
"37","X-0933.LFW527 + binimetinib","X.0933.LF27.biib","treatment"
"38","X-0933.LFW527 + binimetinib","X.0933.uned","control"
"39","X-0933.LJC049","X.0933.LJ49","treatment"
"40","X-0933.LJC049","X.0933.uned","control"
"41","X-0933.LKA136","X.0933.LK36","treatment"
"42","X-0933.LKA136","X.0933.uned","control"
"43","X-0988.LFW527 + binimetinib","X.0988.LF27.biib","treatment"
"44","X-0992.LFW527 + binimetinib","X.0992.LF27.biib","treatment"
"45","X-1027.5FU","X.1027.5FFU","treatment"
"46","X-1027.5FU","X.1027.uned","control"
"47","X-1027.binimetinib","X.1027.biib","treatment"
"48","X-1027.binimetinib","X.1027.uned","control"
"49","X-1027.BKM120","X.1027.BK20","treatment"
"50","X-1027.BKM120","X.1027.uned","control"
"51","X-1027.BKM120 + LJC049","X.1027.BK20.LJ49","treatment"
"52","X-1027.BKM120 + LJC049","X.1027.uned","control"
"53","X-1027.BYL719","X.1027.BY19","treatment"
"54","X-1027.BYL719","X.1027.uned","control"
"55","X-1027.BYL719 + binimetinib","X.1027.BY19.biib","treatment"
"56","X-1027.BYL719 + binimetinib","X.1027.uned","control"
"57","X-1027.BYL719 + cetuximab","X.1027.BY19.ceab","treatment"
"58","X-1027.BYL719 + cetuximab","X.1027.uned","control"
"59","X-1027.BYL719 + cetuximab + encorafenib","X.1027.BY19.ceab.enib","treatment"
"60","X-1027.BYL719 + cetuximab + encorafenib","X.1027.uned","control"
"61","X-1027.BYL719 + encorafenib","X.1027.BY19.enib","treatment"
"62","X-1027.BYL719 + encorafenib","X.1027.uned","control"
"63","X-1027.BYL719 + LJM716","X.1027.BY19.LJ16","treatment"
"64","X-1027.BYL719 + LJM716","X.1027.uned","control"
"65","X-1027.cetuximab","X.1027.ceab","treatment"
"66","X-1027.cetuximab","X.1027.uned","control"
"67","X-1027.cetuximab + encorafenib","X.1027.ceab.enib","treatment"
"68","X-1027.cetuximab + encorafenib","X.1027.uned","control"
"69","X-1027.CGM097","X.1027.CG97","treatment"
"70","X-1027.CGM097","X.1027.uned","control"
"71","X-1027.CKX620","X.1027.CK20","treatment"
"72","X-1027.CKX620","X.1027.uned","control"
"73","X-1027.CLR457","X.1027.CL57","treatment"
"74","X-1027.CLR457","X.1027.uned","control"
"75","X-1027.encorafenib","X.1027.enib","treatment"
"76","X-1027.encorafenib","X.1027.uned","control"
"77","X-1027.HDM201","X.1027.HD01","treatment"
"78","X-1027.HDM201","X.1027.uned","control"
"79","X-1027.LEE011","X.1027.LE11","treatment"
"80","X-1027.LEE011","X.1027.uned","control"
"81","X-1027.LJC049","X.1027.LJ49","treatment"
"82","X-1027.LJC049","X.1027.uned","control"
"83","X-1027.LKA136","X.1027.LK36","treatment"
"84","X-1027.LKA136","X.1027.uned","control"
"85","X-1055.5FU","X.1055.5FFU","treatment"
"86","X-1055.5FU","X.1055.uned","control"
"87","X-1055.binimetinib","X.1055.biib","treatment"
"88","X-1055.binimetinib","X.1055.uned","control"
"89","X-1055.BKM120","X.1055.BK20","treatment"
"90","X-1055.BKM120","X.1055.uned","control"
"91","X-1055.BKM120 + LJC049","X.1055.BK20.LJ49","treatment"
"92","X-1055.BKM120 + LJC049","X.1055.uned","control"
"93","X-1055.BYL719","X.1055.BY19","treatment"
"94","X-1055.BYL719","X.1055.uned","control"
"95","X-1055.BYL719 + binimetinib","X.1055.BY19.biib","treatment"
"96","X-1055.BYL719 + binimetinib","X.1055.uned","control"
"97","X-1055.BYL719 + cetuximab","X.1055.BY19.ceab","treatment"
"98","X-1055.BYL719 + cetuximab","X.1055.uned","control"
"99","X-1055.BYL719 + cetuximab + encorafenib","X.1055.BY19.ceab.enib","treatment"
"100","X-1055.BYL719 + cetuximab + encorafenib","X.1055.uned","control"
"101","X-1055.BYL719 + encorafenib","X.1055.BY19.enib","treatment"
"102","X-1055.BYL719 + encorafenib","X.1055.uned","control"
"103","X-1055.BYL719 + LJM716","X.1055.BY19.LJ16","treatment"
"104","X-1055.BYL719 + LJM716","X.1055.uned","control"
"105","X-1055.cetuximab","X.1055.ceab","treatment"
"106","X-1055.cetuximab","X.1055.uned","control"
"107","X-1055.cetuximab + encorafenib","X.1055.ceab.enib","treatment"
"108","X-1055.cetuximab + encorafenib","X.1055.uned","control"
"109","X-1055.CGM097","X.1055.CG97","treatment"
"110","X-1055.CGM097","X.1055.uned","control"
"111","X-1055.CKX620","X.1055.CK20","treatment"
"112","X-1055.CKX620","X.1055.uned","control"
"113","X-1055.CLR457","X.1055.CL57","treatment"
"114","X-1055.CLR457","X.1055.uned","control"
"115","X-1055.encorafenib","X.1055.enib","treatment"
"116","X-1055.encorafenib","X.1055.uned","control"
"117","X-1055.HDM201","X.1055.HD01","treatment"
"118","X-1055.HDM201","X.1055.uned","control"
"119","X-1055.LEE011","X.1055.LE11","treatment"
"120","X-1055.LEE011","X.1055.uned","control"
"121","X-1055.LFW527 + binimetinib","X.1055.LF27.biib","treatment"
"122","X-1055.LFW527 + binimetinib","X.1055.uned","control"
"123","X-1055.LJC049","X.1055.LJ49","treatment"
"124","X-1055.LJC049","X.1055.uned","control"
"125","X-1055.LKA136","X.1055.LK36","treatment"
"126","X-1055.LKA136","X.1055.uned","control"
"127","X-1119.5FU","X.1119.5FFU","treatment"
"128","X-1119.5FU","X.1119.uned","control"
"129","X-1119.binimetinib","X.1119.biib","treatment"
"130","X-1119.binimetinib","X.1119.uned","control"
"131","X-1119.BKM120","X.1119.BK20","treatment"
"132","X-1119.BKM120","X.1119.uned","control"
"133","X-1119.BKM120 + LJC049","X.1119.BK20.LJ49","treatment"
"134","X-1119.BKM120 + LJC049","X.1119.uned","control"
"135","X-1119.BYL719","X.1119.BY19","treatment"
"136","X-1119.BYL719","X.1119.uned","control"
"137","X-1119.BYL719 + binimetinib","X.1119.BY19.biib","treatment"
"138","X-1119.BYL719 + binimetinib","X.1119.uned","control"
"139","X-1119.BYL719 + cetuximab","X.1119.BY19.ceab","treatment"
"140","X-1119.BYL719 + cetuximab","X.1119.uned","control"
"141","X-1119.BYL719 + cetuximab + encorafenib","X.1119.BY19.ceab.enib","treatment"
"142","X-1119.BYL719 + cetuximab + encorafenib","X.1119.uned","control"
"143","X-1119.BYL719 + encorafenib","X.1119.BY19.enib","treatment"
"144","X-1119.BYL719 + encorafenib","X.1119.uned","control"
"145","X-1119.BYL719 + LJM716","X.1119.BY19.LJ16","treatment"
"146","X-1119.BYL719 + LJM716","X.1119.uned","control"
"147","X-1119.cetuximab","X.1119.ceab","treatment"
"148","X-1119.cetuximab","X.1119.uned","control"
"149","X-1119.cetuximab + encorafenib","X.1119.ceab.enib","treatment"
"150","X-1119.cetuximab + encorafenib","X.1119.uned","control"
"151","X-1119.CGM097","X.1119.CG97","treatment"
"152","X-1119.CGM097","X.1119.uned","control"
"153","X-1119.CKX620","X.1119.CK20","treatment"
"154","X-1119.CKX620","X.1119.uned","control"
"155","X-1119.CLR457","X.1119.CL57","treatment"
"156","X-1119.CLR457","X.1119.uned","control"
"157","X-1119.encorafenib","X.1119.enib","treatment"
"158","X-1119.encorafenib","X.1119.uned","control"
"159","X-1119.HDM201","X.1119.HD01","treatment"
"160","X-1119.HDM201","X.1119.uned","control"
"161","X-1119.LEE011","X.1119.LE11","treatment"
"162","X-1119.LEE011","X.1119.uned","control"
"163","X-1119.LFW527 + binimetinib","X.1119.LF27.biib","treatment"
"164","X-1119.LFW527 + binimetinib","X.1119.uned","control"
"165","X-1119.LJC049","X.1119.LJ49","treatment"
"166","X-1119.LJC049","X.1119.uned","control"
"167","X-1119.LKA136","X.1119.LK36","treatment"
"168","X-1119.LKA136","X.1119.uned","control"
"169","X-1167.5FU","X.1167.5FFU","treatment"
"170","X-1167.5FU","X.1167.uned","control"
"171","X-1167.binimetinib","X.1167.biib","treatment"
"172","X-1167.binimetinib","X.1167.uned","control"
"173","X-1167.BKM120","X.1167.BK20","treatment"
"174","X-1167.BKM120","X.1167.uned","control"
"175","X-1167.BKM120 + LJC049","X.1167.BK20.LJ49","treatment"
"176","X-1167.BKM120 + LJC049","X.1167.uned","control"
"177","X-1167.BYL719","X.1167.BY19","treatment"
"178","X-1167.BYL719","X.1167.uned","control"
"179","X-1167.BYL719 + binimetinib","X.1167.BY19.biib","treatment"
"180","X-1167.BYL719 + binimetinib","X.1167.uned","control"
"181","X-1167.BYL719 + cetuximab","X.1167.BY19.ceab","treatment"
"182","X-1167.BYL719 + cetuximab","X.1167.uned","control"
"183","X-1167.BYL719 + cetuximab + encorafenib","X.1167.BY19.ceab.enib","treatment"
"184","X-1167.BYL719 + cetuximab + encorafenib","X.1167.uned","control"
"185","X-1167.BYL719 + encorafenib","X.1167.BY19.enib","treatment"
"186","X-1167.BYL719 + encorafenib","X.1167.uned","control"
"187","X-1167.BYL719 + LJM716","X.1167.BY19.LJ16","treatment"
"188","X-1167.BYL719 + LJM716","X.1167.uned","control"
"189","X-1167.cetuximab","X.1167.ceab","treatment"
"190","X-1167.cetuximab","X.1167.uned","control"
"191","X-1167.cetuximab + encorafenib","X.1167.ceab.enib","treatment"
"192","X-1167.cetuximab + encorafenib","X.1167.uned","control"
"193","X-1167.CGM097","X.1167.CG97","treatment"
"194","X-1167.CGM097","X.1167.uned","control"
"195","X-1167.CKX620","X.1167.CK20","treatment"
"196","X-1167.CKX620","X.1167.uned","control"
"197","X-1167.CLR457","X.1167.CL57","treatment"
"198","X-1167.CLR457","X.1167.uned","control"
"199","X-1167.encorafenib","X.1167.enib","treatment"
"200","X-1167.encorafenib","X.1167.uned","control"
"201","X-1167.HDM201","X.1167.HD01","treatment"
"202","X-1167.HDM201","X.1167.uned","control"
"203","X-1167.LEE011","X.1167.LE11","treatment"
"204","X-1167.LEE011","X.1167.uned","control"
"205","X-1167.LFW527 + binimetinib","X.1167.LF27.biib","treatment"
"206","X-1167.LFW527 + binimetinib","X.1167.uned","control"
"207","X-1167.LJC049","X.1167.LJ49","treatment"
"208","X-1167.LJC049","X.1167.uned","control"
"209","X-1167.LKA136","X.1167.LK36","treatment"
"210","X-1167.LKA136","X.1167.uned","control"
"211","X-1173.5FU","X.1173.5FFU","treatment"
"212","X-1173.5FU","X.1173.uned","control"
"213","X-1173.binimetinib","X.1173.biib","treatment"
"214","X-1173.binimetinib","X.1173.uned","control"
"215","X-1173.BKM120","X.1173.BK20","treatment"
"216","X-1173.BKM120","X.1173.uned","control"
"217","X-1173.BKM120 + LJC049","X.1173.BK20.LJ49","treatment"
"218","X-1173.BKM120 + LJC049","X.1173.uned","control"
"219","X-1173.BYL719","X.1173.BY19","treatment"
"220","X-1173.BYL719","X.1173.uned","control"
"221","X-1173.BYL719 + binimetinib","X.1173.BY19.biib","treatment"
"222","X-1173.BYL719 + binimetinib","X.1173.uned","control"
"223","X-1173.BYL719 + cetuximab","X.1173.BY19.ceab","treatment"
"224","X-1173.BYL719 + cetuximab","X.1173.uned","control"
"225","X-1173.BYL719 + cetuximab + encorafenib","X.1173.BY19.ceab.enib","treatment"
"226","X-1173.BYL719 + cetuximab + encorafenib","X.1173.uned","control"
"227","X-1173.BYL719 + encorafenib","X.1173.BY19.enib","treatment"
"228","X-1173.BYL719 + encorafenib","X.1173.uned","control"
"229","X-1173.BYL719 + LJM716","X.1173.BY19.LJ16","treatment"
"230","X-1173.BYL719 + LJM716","X.1173.uned","control"
"231","X-1173.cetuximab","X.1173.ceab","treatment"
"232","X-1173.cetuximab","X.1173.uned","control"
"233","X-1173.cetuximab + encorafenib","X.1173.ceab.enib","treatment"
"234","X-1173.cetuximab + encorafenib","X.1173.uned","control"
"235","X-1173.CGM097","X.1173.CG97","treatment"
"236","X-1173.CGM097","X.1173.uned","control"
"237","X-1173.CKX620","X.1173.CK20","treatment"
"238","X-1173.CKX620","X.1173.uned","control"
"239","X-1173.CLR457","X.1173.CL57","treatment"
"240","X-1173.CLR457","X.1173.uned","control"
"241","X-1173.encorafenib","X.1173.enib","treatment"
"242","X-1173.encorafenib","X.1173.uned","control"
"243","X-1173.HDM201","X.1173.HD01","treatment"
"244","X-1173.HDM201","X.1173.uned","control"
"245","X-1173.LEE011","X.1173.LE11","treatment"
"246","X-1173.LEE011","X.1173.uned","control"
"247","X-1173.LJC049","X.1173.LJ49","treatment"
"248","X-1173.LJC049","X.1173.uned","control"
"249","X-1173.LKA136","X.1173.LK36","treatment"
"250","X-1173.LKA136","X.1173.uned","control"
"251","X-1210.LFW527 + binimetinib","X.1210.LF27.biib","treatment"
"252","X-1234.LFW527 + binimetinib","X.1234.LF27.biib","treatment"
"253","X-1256.LFW527 + binimetinib","X.1256.LF27.biib","treatment"
"254","X-1270.5FU","X.1270.5FFU","treatment"
"255","X-1270.5FU","X.1270.uned","control"
"256","X-1270.binimetinib","X.1270.biib","treatment"
"257","X-1270.binimetinib","X.1270.uned","control"
"258","X-1270.BKM120","X.1270.BK20","treatment"
"259","X-1270.BKM120","X.1270.uned","control"
"260","X-1270.BKM120 + LJC049","X.1270.BK20.LJ49","treatment"
"261","X-1270.BKM120 + LJC049","X.1270.uned","control"
"262","X-1270.BYL719","X.1270.BY19","treatment"
"263","X-1270.BYL719","X.1270.uned","control"
"264","X-1270.BYL719 + binimetinib","X.1270.BY19.biib","treatment"
"265","X-1270.BYL719 + binimetinib","X.1270.uned","control"
"266","X-1270.BYL719 + cetuximab","X.1270.BY19.ceab","treatment"
"267","X-1270.BYL719 + cetuximab","X.1270.uned","control"
"268","X-1270.BYL719 + cetuximab + encorafenib","X.1270.BY19.ceab.enib","treatment"
"269","X-1270.BYL719 + cetuximab + encorafenib","X.1270.uned","control"
"270","X-1270.BYL719 + encorafenib","X.1270.BY19.enib","treatment"
"271","X-1270.BYL719 + encorafenib","X.1270.uned","control"
"272","X-1270.BYL719 + LJM716","X.1270.BY19.LJ16","treatment"
"273","X-1270.BYL719 + LJM716","X.1270.uned","control"
"274","X-1270.cetuximab","X.1270.ceab","treatment"
"275","X-1270.cetuximab","X.1270.uned","control"
"276","X-1270.cetuximab + encorafenib","X.1270.ceab.enib","treatment"
"277","X-1270.cetuximab + encorafenib","X.1270.uned","control"
"278","X-1270.CGM097","X.1270.CG97","treatment"
"279","X-1270.CGM097","X.1270.uned","control"
"280","X-1270.CKX620","X.1270.CK20","treatment"
"281","X-1270.CKX620","X.1270.uned","control"
"282","X-1270.CLR457","X.1270.CL57","treatment"
"283","X-1270.CLR457","X.1270.uned","control"
"284","X-1270.encorafenib","X.1270.enib","treatment"
"285","X-1270.encorafenib","X.1270.uned","control"
"286","X-1270.HDM201","X.1270.HD01","treatment"
"287","X-1270.HDM201","X.1270.uned","control"
"288","X-1270.LEE011","X.1270.LE11","treatment"
"289","X-1270.LEE011","X.1270.uned","control"
"290","X-1270.LJC049","X.1270.LJ49","treatment"
"291","X-1270.LJC049","X.1270.uned","control"
"292","X-1270.LKA136","X.1270.LK36","treatment"
"293","X-1270.LKA136","X.1270.uned","control"
"294","X-1290.5FU","X.1290.5FFU","treatment"
"295","X-1290.5FU","X.1290.uned","control"
"296","X-1290.binimetinib","X.1290.biib","treatment"
"297","X-1290.binimetinib","X.1290.uned","control"
"298","X-1290.BKM120","X.1290.BK20","treatment"
"299","X-1290.BKM120","X.1290.uned","control"
"300","X-1290.BKM120 + LJC049","X.1290.BK20.LJ49","treatment"
"301","X-1290.BKM120 + LJC049","X.1290.uned","control"
"302","X-1290.BYL719","X.1290.BY19","treatment"
"303","X-1290.BYL719","X.1290.uned","control"
"304","X-1290.BYL719 + binimetinib","X.1290.BY19.biib","treatment"
"305","X-1290.BYL719 + binimetinib","X.1290.uned","control"
"306","X-1290.BYL719 + cetuximab","X.1290.BY19.ceab","treatment"
"307","X-1290.BYL719 + cetuximab","X.1290.uned","control"
"308","X-1290.BYL719 + cetuximab + encorafenib","X.1290.BY19.ceab.enib","treatment"
"309","X-1290.BYL719 + cetuximab + encorafenib","X.1290.uned","control"
"310","X-1290.BYL719 + encorafenib","X.1290.BY19.enib","treatment"
"311","X-1290.BYL719 + encorafenib","X.1290.uned","control"
"312","X-1290.BYL719 + LJM716","X.1290.BY19.LJ16","treatment"
"313","X-1290.BYL719 + LJM716","X.1290.uned","control"
"314","X-1290.cetuximab","X.1290.ceab","treatment"
"315","X-1290.cetuximab","X.1290.uned","control"
"316","X-1290.cetuximab + encorafenib","X.1290.ceab.enib","treatment"
"317","X-1290.cetuximab + encorafenib","X.1290.uned","control"
"318","X-1290.CGM097","X.1290.CG97","treatment"
"319","X-1290.CGM097","X.1290.uned","control"
"320","X-1290.CKX620","X.1290.CK20","treatment"
"321","X-1290.CKX620","X.1290.uned","control"
"322","X-1290.CLR457","X.1290.CL57","treatment"
"323","X-1290.CLR457","X.1290.uned","control"
"324","X-1290.encorafenib","X.1290.enib","treatment"
"325","X-1290.encorafenib","X.1290.uned","control"
"326","X-1290.HDM201","X.1290.HD01","treatment"
"327","X-1290.HDM201","X.1290.uned","control"
"328","X-1290.LEE011","X.1290.LE11","treatment"
"329","X-1290.LEE011","X.1290.uned","control"
"330","X-1290.LFW527 + binimetinib","X.1290.LF27.biib","treatment"
"331","X-1290.LFW527 + binimetinib","X.1290.uned","control"
"332","X-1290.LJC049","X.1290.LJ49","treatment"
"333","X-1290.LJC049","X.1290.uned","control"
"334","X-1290.LKA136","X.1290.LK36","treatment"
"335","X-1290.LKA136","X.1290.uned","control"
"336","X-1303.5FU","X.1303.5FFU","treatment"
"337","X-1303.5FU","X.1303.uned","control"
"338","X-1303.binimetinib","X.1303.biib","treatment"
"339","X-1303.binimetinib","X.1303.uned","control"
"340","X-1303.BKM120","X.1303.BK20","treatment"
"341","X-1303.BKM120","X.1303.uned","control"
"342","X-1303.BYL719","X.1303.BY19","treatment"
"343","X-1303.BYL719","X.1303.uned","control"
"344","X-1303.BYL719 + binimetinib","X.1303.BY19.biib","treatment"
"345","X-1303.BYL719 + binimetinib","X.1303.uned","control"
"346","X-1303.BYL719 + cetuximab","X.1303.BY19.ceab","treatment"
"347","X-1303.BYL719 + cetuximab","X.1303.uned","control"
"348","X-1303.BYL719 + cetuximab + encorafenib","X.1303.BY19.ceab.enib","treatment"
"349","X-1303.BYL719 + cetuximab + encorafenib","X.1303.uned","control"
"350","X-1303.BYL719 + LJM716","X.1303.BY19.LJ16","treatment"
"351","X-1303.BYL719 + LJM716","X.1303.uned","control"
"352","X-1303.cetuximab","X.1303.ceab","treatment"
"353","X-1303.cetuximab","X.1303.uned","control"
"354","X-1303.cetuximab + encorafenib","X.1303.ceab.enib","treatment"
"355","X-1303.cetuximab + encorafenib","X.1303.uned","control"
"356","X-1303.CGM097","X.1303.CG97","treatment"
"357","X-1303.CGM097","X.1303.uned","control"
"358","X-1303.CKX620","X.1303.CK20","treatment"
"359","X-1303.CKX620","X.1303.uned","control"
"360","X-1303.CLR457","X.1303.CL57","treatment"
"361","X-1303.CLR457","X.1303.uned","control"
"362","X-1303.encorafenib","X.1303.enib","treatment"
"363","X-1303.encorafenib","X.1303.uned","control"
"364","X-1303.HDM201","X.1303.HD01","treatment"
"365","X-1303.HDM201","X.1303.uned","control"
"366","X-1303.LEE011","X.1303.LE11","treatment"
"367","X-1303.LEE011","X.1303.uned","control"
"368","X-1303.LFW527 + binimetinib","X.1303.LF27.biib","treatment"
"369","X-1303.LFW527 + binimetinib","X.1303.uned","control"
"370","X-1303.LJC049","X.1303.LJ49","treatment"
"371","X-1303.LJC049","X.1303.uned","control"
"372","X-1303.LKA136","X.1303.LK36","treatment"
"373","X-1303.LKA136","X.1303.uned","control"
"374","X-1310.LFW527 + binimetinib","X.1310.LF27.biib","treatment"
"375","X-1329.5FU","X.1329.5FFU","treatment"
"376","X-1329.5FU","X.1329.uned","control"
"377","X-1329.binimetinib","X.1329.biib","treatment"
"378","X-1329.binimetinib","X.1329.uned","control"
"379","X-1329.BKM120","X.1329.BK20","treatment"
"380","X-1329.BKM120","X.1329.uned","control"
"381","X-1329.BKM120 + LJC049","X.1329.BK20.LJ49","treatment"
"382","X-1329.BKM120 + LJC049","X.1329.uned","control"
"383","X-1329.BYL719","X.1329.BY19","treatment"
"384","X-1329.BYL719","X.1329.uned","control"
"385","X-1329.BYL719 + binimetinib","X.1329.BY19.biib","treatment"
"386","X-1329.BYL719 + binimetinib","X.1329.uned","control"
"387","X-1329.BYL719 + cetuximab","X.1329.BY19.ceab","treatment"
"388","X-1329.BYL719 + cetuximab","X.1329.uned","control"
"389","X-1329.BYL719 + cetuximab + encorafenib","X.1329.BY19.ceab.enib","treatment"
"390","X-1329.BYL719 + cetuximab + encorafenib","X.1329.uned","control"
"391","X-1329.BYL719 + encorafenib","X.1329.BY19.enib","treatment"
"392","X-1329.BYL719 + encorafenib","X.1329.uned","control"
"393","X-1329.BYL719 + LJM716","X.1329.BY19.LJ16","treatment"
"394","X-1329.BYL719 + LJM716","X.1329.uned","control"
"395","X-1329.cetuximab","X.1329.ceab","treatment"
"396","X-1329.cetuximab","X.1329.uned","control"
"397","X-1329.cetuximab + encorafenib","X.1329.ceab.enib","treatment"
"398","X-1329.cetuximab + encorafenib","X.1329.uned","control"
"399","X-1329.CGM097","X.1329.CG97","treatment"
"400","X-1329.CGM097","X.1329.uned","control"
"401","X-1329.CKX620","X.1329.CK20","treatment"
"402","X-1329.CKX620","X.1329.uned","control"
"403","X-1329.CLR457","X.1329.CL57","treatment"
"404","X-1329.CLR457","X.1329.uned","control"
"405","X-1329.encorafenib","X.1329.enib","treatment"
"406","X-1329.encorafenib","X.1329.uned","control"
"407","X-1329.HDM201","X.1329.HD01","treatment"
"408","X-1329.HDM201","X.1329.uned","control"
"409","X-1329.LEE011","X.1329.LE11","treatment"
"410","X-1329.LEE011","X.1329.uned","control"
"411","X-1329.LFW527 + binimetinib","X.1329.LF27.biib","treatment"
"412","X-1329.LFW527 + binimetinib","X.1329.uned","control"
"413","X-1329.LJC049","X.1329.LJ49","treatment"
"414","X-1329.LJC049","X.1329.uned","control"
"415","X-1329.LKA136","X.1329.LK36","treatment"
"416","X-1329.LKA136","X.1329.uned","control"
"417","X-1333.LFW527 + binimetinib","X.1333.LF27.biib","treatment"
"418","X-1402.LFW527 + binimetinib","X.1402.LF27.biib","treatment"
"419","X-1441.5FU","X.1441.5FFU","treatment"
"420","X-1441.5FU","X.1441.uned","control"
"421","X-1441.binimetinib","X.1441.biib","treatment"
"422","X-1441.binimetinib","X.1441.uned","control"
"423","X-1441.BKM120","X.1441.BK20","treatment"
"424","X-1441.BKM120","X.1441.uned","control"
"425","X-1441.BKM120 + LJC049","X.1441.BK20.LJ49","treatment"
"426","X-1441.BKM120 + LJC049","X.1441.uned","control"
"427","X-1441.BYL719","X.1441.BY19","treatment"
"428","X-1441.BYL719","X.1441.uned","control"
"429","X-1441.BYL719 + binimetinib","X.1441.BY19.biib","treatment"
"430","X-1441.BYL719 + binimetinib","X.1441.uned","control"
"431","X-1441.BYL719 + cetuximab","X.1441.BY19.ceab","treatment"
"432","X-1441.BYL719 + cetuximab","X.1441.uned","control"
"433","X-1441.BYL719 + cetuximab + encorafenib","X.1441.BY19.ceab.enib","treatment"
"434","X-1441.BYL719 + cetuximab + encorafenib","X.1441.uned","control"
"435","X-1441.BYL719 + encorafenib","X.1441.BY19.enib","treatment"
"436","X-1441.BYL719 + encorafenib","X.1441.uned","control"
"437","X-1441.BYL719 + LJM716","X.1441.BY19.LJ16","treatment"
"438","X-1441.BYL719 + LJM716","X.1441.uned","control"
"439","X-1441.cetuximab","X.1441.ceab","treatment"
"440","X-1441.cetuximab","X.1441.uned","control"
"441","X-1441.cetuximab + encorafenib","X.1441.ceab.enib","treatment"
"442","X-1441.cetuximab + encorafenib","X.1441.uned","control"
"443","X-1441.CGM097","X.1441.CG97","treatment"
"444","X-1441.CGM097","X.1441.uned","control"
"445","X-1441.CKX620","X.1441.CK20","treatment"
"446","X-1441.CKX620","X.1441.uned","control"
"447","X-1441.CLR457","X.1441.CL57","treatment"
"448","X-1441.CLR457","X.1441.uned","control"
"449","X-1441.encorafenib","X.1441.enib","treatment"
"450","X-1441.encorafenib","X.1441.uned","control"
"451","X-1441.HDM201","X.1441.HD01","treatment"
"452","X-1441.HDM201","X.1441.uned","control"
"453","X-1441.LEE011","X.1441.LE11","treatment"
"454","X-1441.LEE011","X.1441.uned","control"
"455","X-1441.LJC049","X.1441.LJ49","treatment"
"456","X-1441.LJC049","X.1441.uned","control"
"457","X-1441.LKA136","X.1441.LK36","treatment"
"458","X-1441.LKA136","X.1441.uned","control"
"459","X-1443.5FU","X.1443.5FFU","treatment"
"460","X-1443.5FU","X.1443.uned","control"
"461","X-1443.binimetinib","X.1443.biib","treatment"
"462","X-1443.binimetinib","X.1443.uned","control"
"463","X-1443.BKM120","X.1443.BK20","treatment"
"464","X-1443.BKM120","X.1443.uned","control"
"465","X-1443.BKM120 + LJC049","X.1443.BK20.LJ49","treatment"
"466","X-1443.BKM120 + LJC049","X.1443.uned","control"
"467","X-1443.BYL719","X.1443.BY19","treatment"
"468","X-1443.BYL719","X.1443.uned","control"
"469","X-1443.BYL719 + binimetinib","X.1443.BY19.biib","treatment"
"470","X-1443.BYL719 + binimetinib","X.1443.uned","control"
"471","X-1443.BYL719 + cetuximab","X.1443.BY19.ceab","treatment"
"472","X-1443.BYL719 + cetuximab","X.1443.uned","control"
"473","X-1443.BYL719 + cetuximab + encorafenib","X.1443.BY19.ceab.enib","treatment"
"474","X-1443.BYL719 + cetuximab + encorafenib","X.1443.uned","control"
"475","X-1443.BYL719 + encorafenib","X.1443.BY19.enib","treatment"
"476","X-1443.BYL719 + encorafenib","X.1443.uned","control"
"477","X-1443.BYL719 + LJM716","X.1443.BY19.LJ16","treatment"
"478","X-1443.BYL719 + LJM716","X.1443.uned","control"
"479","X-1443.cetuximab","X.1443.ceab","treatment"
"480","X-1443.cetuximab","X.1443.uned","control"
"481","X-1443.cetuximab + encorafenib","X.1443.ceab.enib","treatment"
"482","X-1443.cetuximab + encorafenib","X.1443.uned","control"
"483","X-1443.CGM097","X.1443.CG97","treatment"
"484","X-1443.CGM097","X.1443.uned","control"
"485","X-1443.CKX620","X.1443.CK20","treatment"
"486","X-1443.CKX620","X.1443.uned","control"
"487","X-1443.CLR457","X.1443.CL57","treatment"
"488","X-1443.CLR457","X.1443.uned","control"
"489","X-1443.encorafenib","X.1443.enib","treatment"
"490","X-1443.encorafenib","X.1443.uned","control"
"491","X-1443.HDM201","X.1443.HD01","treatment"
"492","X-1443.HDM201","X.1443.uned","control"
"493","X-1443.LEE011","X.1443.LE11","treatment"
"494","X-1443.LEE011","X.1443.uned","control"
"495","X-1443.LFW527 + binimetinib","X.1443.LF27.biib","treatment"
"496","X-1443.LFW527 + binimetinib","X.1443.uned","control"
"497","X-1443.LJC049","X.1443.LJ49","treatment"
"498","X-1443.LJC049","X.1443.uned","control"
"499","X-1443.LKA136","X.1443.LK36","treatment"
"500","X-1443.LKA136","X.1443.uned","control"
"501","X-1479.5FU","X.1479.5FFU","treatment"
"502","X-1479.5FU","X.1479.uned","control"
"503","X-1479.binimetinib","X.1479.biib","treatment"
"504","X-1479.binimetinib","X.1479.uned","control"
"505","X-1479.BKM120","X.1479.BK20","treatment"
"506","X-1479.BKM120","X.1479.uned","control"
"507","X-1479.BKM120 + LJC049","X.1479.BK20.LJ49","treatment"
"508","X-1479.BKM120 + LJC049","X.1479.uned","control"
"509","X-1479.BYL719","X.1479.BY19","treatment"
"510","X-1479.BYL719","X.1479.uned","control"
"511","X-1479.BYL719 + binimetinib","X.1479.BY19.biib","treatment"
"512","X-1479.BYL719 + binimetinib","X.1479.uned","control"
"513","X-1479.BYL719 + cetuximab","X.1479.BY19.ceab","treatment"
"514","X-1479.BYL719 + cetuximab","X.1479.uned","control"
"515","X-1479.BYL719 + cetuximab + encorafenib","X.1479.BY19.ceab.enib","treatment"
"516","X-1479.BYL719 + cetuximab + encorafenib","X.1479.uned","control"
"517","X-1479.BYL719 + encorafenib","X.1479.BY19.enib","treatment"
"518","X-1479.BYL719 + encorafenib","X.1479.uned","control"
"519","X-1479.BYL719 + LJM716","X.1479.BY19.LJ16","treatment"
"520","X-1479.BYL719 + LJM716","X.1479.uned","control"
"521","X-1479.cetuximab","X.1479.ceab","treatment"
"522","X-1479.cetuximab","X.1479.uned","control"
"523","X-1479.cetuximab + encorafenib","X.1479.ceab.enib","treatment"
"524","X-1479.cetuximab + encorafenib","X.1479.uned","control"
"525","X-1479.CGM097","X.1479.CG97","treatment"
"526","X-1479.CGM097","X.1479.uned","control"
"527","X-1479.CKX620","X.1479.CK20","treatment"
"528","X-1479.CKX620","X.1479.uned","control"
"529","X-1479.CLR457","X.1479.CL57","treatment"
"530","X-1479.CLR457","X.1479.uned","control"
"531","X-1479.encorafenib","X.1479.enib","treatment"
"532","X-1479.encorafenib","X.1479.uned","control"
"533","X-1479.HDM201","X.1479.HD01","treatment"
"534","X-1479.HDM201","X.1479.uned","control"
"535","X-1479.LEE011","X.1479.LE11","treatment"
"536","X-1479.LEE011","X.1479.uned","control"
"537","X-1479.LJC049","X.1479.LJ49","treatment"
"538","X-1479.LJC049","X.1479.uned","control"
"539","X-1479.LKA136","X.1479.LK36","treatment"
"540","X-1479.LKA136","X.1479.uned","control"
"541","X-1500.5FU","X.1500.5FFU","treatment"
"542","X-1500.5FU","X.1500.uned","control"
"543","X-1500.binimetinib","X.1500.biib","treatment"
"544","X-1500.binimetinib","X.1500.uned","control"
"545","X-1500.BKM120","X.1500.BK20","treatment"
"546","X-1500.BKM120","X.1500.uned","control"
"547","X-1500.BKM120 + LJC049","X.1500.BK20.LJ49","treatment"
"548","X-1500.BKM120 + LJC049","X.1500.uned","control"
"549","X-1500.BYL719","X.1500.BY19","treatment"
"550","X-1500.BYL719","X.1500.uned","control"
"551","X-1500.BYL719 + binimetinib","X.1500.BY19.biib","treatment"
"552","X-1500.BYL719 + binimetinib","X.1500.uned","control"
"553","X-1500.BYL719 + cetuximab","X.1500.BY19.ceab","treatment"
"554","X-1500.BYL719 + cetuximab","X.1500.uned","control"
"555","X-1500.BYL719 + cetuximab + encorafenib","X.1500.BY19.ceab.enib","treatment"
"556","X-1500.BYL719 + cetuximab + encorafenib","X.1500.uned","control"
"557","X-1500.BYL719 + encorafenib","X.1500.BY19.enib","treatment"
"558","X-1500.BYL719 + encorafenib","X.1500.uned","control"
"559","X-1500.BYL719 + LJM716","X.1500.BY19.LJ16","treatment"
"560","X-1500.BYL719 + LJM716","X.1500.uned","control"
"561","X-1500.cetuximab","X.1500.ceab","treatment"
"562","X-1500.cetuximab","X.1500.uned","control"
"563","X-1500.cetuximab + encorafenib","X.1500.ceab.enib","treatment"
"564","X-1500.cetuximab + encorafenib","X.1500.uned","control"
"565","X-1500.CGM097","X.1500.CG97","treatment"
"566","X-1500.CGM097","X.1500.uned","control"
"567","X-1500.CKX620","X.1500.CK20","treatment"
"568","X-1500.CKX620","X.1500.uned","control"
"569","X-1500.CLR457","X.1500.CL57","treatment"
"570","X-1500.CLR457","X.1500.uned","control"
"571","X-1500.encorafenib","X.1500.enib","treatment"
"572","X-1500.encorafenib","X.1500.uned","control"
"573","X-1500.HDM201","X.1500.HD01","treatment"
"574","X-1500.HDM201","X.1500.uned","control"
"575","X-1500.LEE011","X.1500.LE11","treatment"
"576","X-1500.LEE011","X.1500.uned","control"
"577","X-1500.LFW527 + binimetinib","X.1500.LF27.biib","treatment"
"578","X-1500.LFW527 + binimetinib","X.1500.uned","control"
"579","X-1500.LJC049","X.1500.LJ49","treatment"
"580","X-1500.LJC049","X.1500.uned","control"
"581","X-1500.LKA136","X.1500.LK36","treatment"
"582","X-1500.LKA136","X.1500.uned","control"
"583","X-1536.5FU","X.1536.5FFU","treatment"
"584","X-1536.5FU","X.1536.uned","control"
"585","X-1536.binimetinib","X.1536.biib","treatment"
"586","X-1536.binimetinib","X.1536.uned","control"
"587","X-1536.BKM120","X.1536.BK20","treatment"
"588","X-1536.BKM120","X.1536.uned","control"
"589","X-1536.BKM120 + LJC049","X.1536.BK20.LJ49","treatment"
"590","X-1536.BKM120 + LJC049","X.1536.uned","control"
"591","X-1536.BYL719","X.1536.BY19","treatment"
"592","X-1536.BYL719","X.1536.uned","control"
"593","X-1536.BYL719 + binimetinib","X.1536.BY19.biib","treatment"
"594","X-1536.BYL719 + binimetinib","X.1536.uned","control"
"595","X-1536.BYL719 + cetuximab","X.1536.BY19.ceab","treatment"
"596","X-1536.BYL719 + cetuximab","X.1536.uned","control"
"597","X-1536.BYL719 + cetuximab + encorafenib","X.1536.BY19.ceab.enib","treatment"
"598","X-1536.BYL719 + cetuximab + encorafenib","X.1536.uned","control"
"599","X-1536.BYL719 + encorafenib","X.1536.BY19.enib","treatment"
"600","X-1536.BYL719 + encorafenib","X.1536.uned","control"
"601","X-1536.BYL719 + LJM716","X.1536.BY19.LJ16","treatment"
"602","X-1536.BYL719 + LJM716","X.1536.uned","control"
"603","X-1536.cetuximab","X.1536.ceab","treatment"
"604","X-1536.cetuximab","X.1536.uned","control"
"605","X-1536.cetuximab + encorafenib","X.1536.ceab.enib","treatment"
"606","X-1536.cetuximab + encorafenib","X.1536.uned","control"
"607","X-1536.CKX620","X.1536.CK20","treatment"
"608","X-1536.CKX620","X.1536.uned","control"
"609","X-1536.CLR457","X.1536.CL57","treatment"
"610","X-1536.CLR457","X.1536.uned","control"
"611","X-1536.encorafenib","X.1536.enib","treatment"
"612","X-1536.encorafenib","X.1536.uned","control"
"613","X-1536.HDM201","X.1536.HD01","treatment"
"614","X-1536.HDM201","X.1536.uned","control"
"615","X-1536.LEE011","X.1536.LE11","treatment"
"616","X-1536.LEE011","X.1536.uned","control"
"617","X-1536.LJC049","X.1536.LJ49","treatment"
"618","X-1536.LJC049","X.1536.uned","control"
"619","X-1536.LKA136","X.1536.LK36","treatment"
"620","X-1536.LKA136","X.1536.uned","control"
"621","X-1538.BYL719","X.1538.BY19","treatment"
"622","X-1538.BYL719","X.1538.uned","control"
"623","X-1538.BYL719 + binimetinib","X.1538.BY19.biib","treatment"
"624","X-1538.BYL719 + binimetinib","X.1538.uned","control"
"625","X-1538.cetuximab","X.1538.ceab","treatment"
"626","X-1538.cetuximab","X.1538.uned","control"
"627","X-1538.CLR457","X.1538.CL57","treatment"
"628","X-1538.CLR457","X.1538.uned","control"
"629","X-1538.encorafenib","X.1538.enib","treatment"
"630","X-1538.encorafenib","X.1538.uned","control"
"631","X-1538.LEE011","X.1538.LE11","treatment"
"632","X-1538.LEE011","X.1538.uned","control"
"633","X-1855.5FU","X.1855.5FFU","treatment"
"634","X-1855.5FU","X.1855.uned","control"
"635","X-1855.binimetinib","X.1855.biib","treatment"
"636","X-1855.binimetinib","X.1855.uned","control"
"637","X-1855.BKM120","X.1855.BK20","treatment"
"638","X-1855.BKM120","X.1855.uned","control"
"639","X-1855.BKM120 + LJC049","X.1855.BK20.LJ49","treatment"
"640","X-1855.BKM120 + LJC049","X.1855.uned","control"
"641","X-1855.BYL719","X.1855.BY19","treatment"
"642","X-1855.BYL719","X.1855.uned","control"
"643","X-1855.BYL719 + binimetinib","X.1855.BY19.biib","treatment"
"644","X-1855.BYL719 + binimetinib","X.1855.uned","control"
"645","X-1855.BYL719 + cetuximab","X.1855.BY19.ceab","treatment"
"646","X-1855.BYL719 + cetuximab","X.1855.uned","control"
"647","X-1855.BYL719 + cetuximab + encorafenib","X.1855.BY19.ceab.enib","treatment"
"648","X-1855.BYL719 + cetuximab + encorafenib","X.1855.uned","control"
"649","X-1855.BYL719 + encorafenib","X.1855.BY19.enib","treatment"
"650","X-1855.BYL719 + encorafenib","X.1855.uned","control"
"651","X-1855.BYL719 + LJM716","X.1855.BY19.LJ16","treatment"
"652","X-1855.BYL719 + LJM716","X.1855.uned","control"
"653","X-1855.cetuximab","X.1855.ceab","treatment"
"654","X-1855.cetuximab","X.1855.uned","control"
"655","X-1855.cetuximab + encorafenib","X.1855.ceab.enib","treatment"
"656","X-1855.cetuximab + encorafenib","X.1855.uned","control"
"657","X-1855.CGM097","X.1855.CG97","treatment"
"658","X-1855.CGM097","X.1855.uned","control"
"659","X-1855.CKX620","X.1855.CK20","treatment"
"660","X-1855.CKX620","X.1855.uned","control"
"661","X-1855.encorafenib","X.1855.enib","treatment"
"662","X-1855.encorafenib","X.1855.uned","control"
"663","X-1855.HDM201","X.1855.HD01","treatment"
"664","X-1855.HDM201","X.1855.uned","control"
"665","X-1855.LEE011","X.1855.LE11","treatment"
"666","X-1855.LEE011","X.1855.uned","control"
"667","X-1855.LFW527 + binimetinib","X.1855.LF27.biib","treatment"
"668","X-1855.LFW527 + binimetinib","X.1855.uned","control"
"669","X-1855.LJC049","X.1855.LJ49","treatment"
"670","X-1855.LJC049","X.1855.uned","control"
"671","X-1855.LKA136","X.1855.LK36","treatment"
"672","X-1855.LKA136","X.1855.uned","control"
"673","X-2145.5FU","X.2145.5FFU","treatment"
"674","X-2145.5FU","X.2145.uned","control"
"675","X-2145.binimetinib","X.2145.biib","treatment"
"676","X-2145.binimetinib","X.2145.uned","control"
"677","X-2145.BKM120","X.2145.BK20","treatment"
"678","X-2145.BKM120","X.2145.uned","control"
"679","X-2145.BKM120 + LJC049","X.2145.BK20.LJ49","treatment"
"680","X-2145.BKM120 + LJC049","X.2145.uned","control"
"681","X-2145.BYL719","X.2145.BY19","treatment"
"682","X-2145.BYL719","X.2145.uned","control"
"683","X-2145.BYL719 + binimetinib","X.2145.BY19.biib","treatment"
"684","X-2145.BYL719 + binimetinib","X.2145.uned","control"
"685","X-2145.BYL719 + cetuximab","X.2145.BY19.ceab","treatment"
"686","X-2145.BYL719 + cetuximab","X.2145.uned","control"
"687","X-2145.BYL719 + cetuximab + encorafenib","X.2145.BY19.ceab.enib","treatment"
"688","X-2145.BYL719 + cetuximab + encorafenib","X.2145.uned","control"
"689","X-2145.BYL719 + encorafenib","X.2145.BY19.enib","treatment"
"690","X-2145.BYL719 + encorafenib","X.2145.uned","control"
"691","X-2145.BYL719 + LJM716","X.2145.BY19.LJ16","treatment"
"692","X-2145.BYL719 + LJM716","X.2145.uned","control"
"693","X-2145.cetuximab","X.2145.ceab","treatment"
"694","X-2145.cetuximab","X.2145.uned","control"
"695","X-2145.cetuximab + encorafenib","X.2145.ceab.enib","treatment"
"696","X-2145.cetuximab + encorafenib","X.2145.uned","control"
"697","X-2145.CGM097","X.2145.CG97","treatment"
"698","X-2145.CGM097","X.2145.uned","control"
"699","X-2145.CKX620","X.2145.CK20","treatment"
"700","X-2145.CKX620","X.2145.uned","control"
"701","X-2145.CLR457","X.2145.CL57","treatment"
"702","X-2145.CLR457","X.2145.uned","control"
"703","X-2145.encorafenib","X.2145.enib","treatment"
"704","X-2145.encorafenib","X.2145.uned","control"
"705","X-2145.HDM201","X.2145.HD01","treatment"
"706","X-2145.HDM201","X.2145.uned","control"
"707","X-2145.LEE011","X.2145.LE11","treatment"
"708","X-2145.LEE011","X.2145.uned","control"
"709","X-2145.LFW527 + binimetinib","X.2145.LF27.biib","treatment"
"710","X-2145.LFW527 + binimetinib","X.2145.uned","control"
"711","X-2145.LJC049","X.2145.LJ49","treatment"
"712","X-2145.LJC049","X.2145.uned","control"
"713","X-2145.LKA136","X.2145.LK36","treatment"
"714","X-2145.LKA136","X.2145.uned","control"
"715","X-2182.5FU","X.2182.5FFU","treatment"
"716","X-2182.5FU","X.2182.uned","control"
"717","X-2182.binimetinib","X.2182.biib","treatment"
"718","X-2182.binimetinib","X.2182.uned","control"
"719","X-2182.BKM120","X.2182.BK20","treatment"
"720","X-2182.BKM120","X.2182.uned","control"
"721","X-2182.BKM120 + LJC049","X.2182.BK20.LJ49","treatment"
"722","X-2182.BKM120 + LJC049","X.2182.uned","control"
"723","X-2182.BYL719","X.2182.BY19","treatment"
"724","X-2182.BYL719","X.2182.uned","control"
"725","X-2182.BYL719 + binimetinib","X.2182.BY19.biib","treatment"
"726","X-2182.BYL719 + binimetinib","X.2182.uned","control"
"727","X-2182.BYL719 + cetuximab","X.2182.BY19.ceab","treatment"
"728","X-2182.BYL719 + cetuximab","X.2182.uned","control"
"729","X-2182.BYL719 + cetuximab + encorafenib","X.2182.BY19.ceab.enib","treatment"
"730","X-2182.BYL719 + cetuximab + encorafenib","X.2182.uned","control"
"731","X-2182.BYL719 + encorafenib","X.2182.BY19.enib","treatment"
"732","X-2182.BYL719 + encorafenib","X.2182.uned","control"
"733","X-2182.BYL719 + LJM716","X.2182.BY19.LJ16","treatment"
"734","X-2182.BYL719 + LJM716","X.2182.uned","control"
"735","X-2182.cetuximab","X.2182.ceab","treatment"
"736","X-2182.cetuximab","X.2182.uned","control"
"737","X-2182.cetuximab + encorafenib","X.2182.ceab.enib","treatment"
"738","X-2182.cetuximab + encorafenib","X.2182.uned","control"
"739","X-2182.CGM097","X.2182.CG97","treatment"
"740","X-2182.CGM097","X.2182.uned","control"
"741","X-2182.CKX620","X.2182.CK20","treatment"
"742","X-2182.CKX620","X.2182.uned","control"
"743","X-2182.CLR457","X.2182.CL57","treatment"
"744","X-2182.CLR457","X.2182.uned","control"
"745","X-2182.encorafenib","X.2182.enib","treatment"
"746","X-2182.encorafenib","X.2182.uned","control"
"747","X-2182.HDM201","X.2182.HD01","treatment"
"748","X-2182.HDM201","X.2182.uned","control"
"749","X-2182.LEE011","X.2182.LE11","treatment"
"750","X-2182.LEE011","X.2182.uned","control"
"751","X-2182.LFW527 + binimetinib","X.2182.LF27.biib","treatment"
"752","X-2182.LFW527 + binimetinib","X.2182.uned","control"
"753","X-2182.LJC049","X.2182.LJ49","treatment"
"754","X-2182.LJC049","X.2182.uned","control"
"755","X-2182.LKA136","X.2182.LK36","treatment"
"756","X-2182.LKA136","X.2182.uned","control"
"757","X-2239.5FU","X.2239.5FFU","treatment"
"758","X-2239.5FU","X.2239.uned","control"
"759","X-2239.binimetinib","X.2239.biib","treatment"
"760","X-2239.binimetinib","X.2239.uned","control"
"761","X-2239.BKM120 + LJC049","X.2239.BK20.LJ49","treatment"
"762","X-2239.BKM120 + LJC049","X.2239.uned","control"
"763","X-2239.BYL719","X.2239.BY19","treatment"
"764","X-2239.BYL719","X.2239.uned","control"
"765","X-2239.BYL719 + binimetinib","X.2239.BY19.biib","treatment"
"766","X-2239.BYL719 + binimetinib","X.2239.uned","control"
"767","X-2239.BYL719 + cetuximab","X.2239.BY19.ceab","treatment"
"768","X-2239.BYL719 + cetuximab","X.2239.uned","control"
"769","X-2239.BYL719 + cetuximab + encorafenib","X.2239.BY19.ceab.enib","treatment"
"770","X-2239.BYL719 + cetuximab + encorafenib","X.2239.uned","control"
"771","X-2239.BYL719 + encorafenib","X.2239.BY19.enib","treatment"
"772","X-2239.BYL719 + encorafenib","X.2239.uned","control"
"773","X-2239.cetuximab","X.2239.ceab","treatment"
"774","X-2239.cetuximab","X.2239.uned","control"
"775","X-2239.cetuximab + encorafenib","X.2239.ceab.enib","treatment"
"776","X-2239.cetuximab + encorafenib","X.2239.uned","control"
"777","X-2239.CLR457","X.2239.CL57","treatment"
"778","X-2239.CLR457","X.2239.uned","control"
"779","X-2239.encorafenib","X.2239.enib","treatment"
"780","X-2239.encorafenib","X.2239.uned","control"
"781","X-2239.LEE011","X.2239.LE11","treatment"
"782","X-2239.LEE011","X.2239.uned","control"
"783","X-2239.LFW527 + binimetinib","X.2239.LF27.biib","treatment"
"784","X-2239.LFW527 + binimetinib","X.2239.uned","control"
"785","X-2239.LJC049","X.2239.LJ49","treatment"
"786","X-2239.LJC049","X.2239.uned","control"
"787","X-2374.5FU","X.2374.5FFU","treatment"
"788","X-2374.5FU","X.2374.uned","control"
"789","X-2374.binimetinib","X.2374.biib","treatment"
"790","X-2374.binimetinib","X.2374.uned","control"
"791","X-2374.BKM120","X.2374.BK20","treatment"
"792","X-2374.BKM120","X.2374.uned","control"
"793","X-2374.BKM120 + LJC049","X.2374.BK20.LJ49","treatment"
"794","X-2374.BKM120 + LJC049","X.2374.uned","control"
"795","X-2374.BYL719","X.2374.BY19","treatment"
"796","X-2374.BYL719","X.2374.uned","control"
"797","X-2374.BYL719 + binimetinib","X.2374.BY19.biib","treatment"
"798","X-2374.BYL719 + binimetinib","X.2374.uned","control"
"799","X-2374.BYL719 + cetuximab","X.2374.BY19.ceab","treatment"
"800","X-2374.BYL719 + cetuximab","X.2374.uned","control"
"801","X-2374.BYL719 + cetuximab + encorafenib","X.2374.BY19.ceab.enib","treatment"
"802","X-2374.BYL719 + cetuximab + encorafenib","X.2374.uned","control"
"803","X-2374.BYL719 + encorafenib","X.2374.BY19.enib","treatment"
"804","X-2374.BYL719 + encorafenib","X.2374.uned","control"
"805","X-2374.BYL719 + LJM716","X.2374.BY19.LJ16","treatment"
"806","X-2374.BYL719 + LJM716","X.2374.uned","control"
"807","X-2374.cetuximab","X.2374.ceab","treatment"
"808","X-2374.cetuximab","X.2374.uned","control"
"809","X-2374.cetuximab + encorafenib","X.2374.ceab.enib","treatment"
"810","X-2374.cetuximab + encorafenib","X.2374.uned","control"
"811","X-2374.CKX620","X.2374.CK20","treatment"
"812","X-2374.CKX620","X.2374.uned","control"
"813","X-2374.CLR457","X.2374.CL57","treatment"
"814","X-2374.CLR457","X.2374.uned","control"
"815","X-2374.encorafenib","X.2374.enib","treatment"
"816","X-2374.encorafenib","X.2374.uned","control"
"817","X-2374.HDM201","X.2374.HD01","treatment"
"818","X-2374.HDM201","X.2374.uned","control"
"819","X-2374.LEE011","X.2374.LE11","treatment"
"820","X-2374.LEE011","X.2374.uned","control"
"821","X-2374.LFW527 + binimetinib","X.2374.LF27.biib","treatment"
"822","X-2374.LFW527 + binimetinib","X.2374.uned","control"
"823","X-2374.LJC049","X.2374.LJ49","treatment"
"824","X-2374.LJC049","X.2374.uned","control"
"825","X-2374.LKA136","X.2374.LK36","treatment"
"826","X-2374.LKA136","X.2374.uned","control"
"827","X-2403.5FU","X.2403.5FFU","treatment"
"828","X-2403.5FU","X.2403.uned","control"
"829","X-2403.binimetinib","X.2403.biib","treatment"
"830","X-2403.binimetinib","X.2403.uned","control"
"831","X-2403.BKM120","X.2403.BK20","treatment"
"832","X-2403.BKM120","X.2403.uned","control"
"833","X-2403.BKM120 + LJC049","X.2403.BK20.LJ49","treatment"
"834","X-2403.BKM120 + LJC049","X.2403.uned","control"
"835","X-2403.BYL719","X.2403.BY19","treatment"
"836","X-2403.BYL719","X.2403.uned","control"
"837","X-2403.BYL719 + binimetinib","X.2403.BY19.biib","treatment"
"838","X-2403.BYL719 + binimetinib","X.2403.uned","control"
"839","X-2403.BYL719 + cetuximab","X.2403.BY19.ceab","treatment"
"840","X-2403.BYL719 + cetuximab","X.2403.uned","control"
"841","X-2403.BYL719 + cetuximab + encorafenib","X.2403.BY19.ceab.enib","treatment"
"842","X-2403.BYL719 + cetuximab + encorafenib","X.2403.uned","control"
"843","X-2403.BYL719 + encorafenib","X.2403.BY19.enib","treatment"
"844","X-2403.BYL719 + encorafenib","X.2403.uned","control"
"845","X-2403.BYL719 + LJM716","X.2403.BY19.LJ16","treatment"
"846","X-2403.BYL719 + LJM716","X.2403.uned","control"
"847","X-2403.cetuximab","X.2403.ceab","treatment"
"848","X-2403.cetuximab","X.2403.uned","control"
"849","X-2403.cetuximab + encorafenib","X.2403.ceab.enib","treatment"
"850","X-2403.cetuximab + encorafenib","X.2403.uned","control"
"851","X-2403.CGM097","X.2403.CG97","treatment"
"852","X-2403.CGM097","X.2403.uned","control"
"853","X-2403.CKX620","X.2403.CK20","treatment"
"854","X-2403.CKX620","X.2403.uned","control"
"855","X-2403.CLR457","X.2403.CL57","treatment"
"856","X-2403.CLR457","X.2403.uned","control"
"857","X-2403.encorafenib","X.2403.enib","treatment"
"858","X-2403.encorafenib","X.2403.uned","control"
"859","X-2403.HDM201","X.2403.HD01","treatment"
"860","X-2403.HDM201","X.2403.uned","control"
"861","X-2403.LEE011","X.2403.LE11","treatment"
"862","X-2403.LEE011","X.2403.uned","control"
"863","X-2403.LJC049","X.2403.LJ49","treatment"
"864","X-2403.LJC049","X.2403.uned","control"
"865","X-2403.LKA136","X.2403.LK36","treatment"
"866","X-2403.LKA136","X.2403.uned","control"
"867","X-2483.5FU","X.2483.5FFU","treatment"
"868","X-2483.5FU","X.2483.uned","control"
"869","X-2483.binimetinib","X.2483.biib","treatment"
"870","X-2483.binimetinib","X.2483.uned","control"
"871","X-2483.BKM120","X.2483.BK20","treatment"
"872","X-2483.BKM120","X.2483.uned","control"
"873","X-2483.BKM120 + LJC049","X.2483.BK20.LJ49","treatment"
"874","X-2483.BKM120 + LJC049","X.2483.uned","control"
"875","X-2483.BYL719","X.2483.BY19","treatment"
"876","X-2483.BYL719","X.2483.uned","control"
"877","X-2483.BYL719 + binimetinib","X.2483.BY19.biib","treatment"
"878","X-2483.BYL719 + binimetinib","X.2483.uned","control"
"879","X-2483.BYL719 + cetuximab","X.2483.BY19.ceab","treatment"
"880","X-2483.BYL719 + cetuximab","X.2483.uned","control"
"881","X-2483.BYL719 + cetuximab + encorafenib","X.2483.BY19.ceab.enib","treatment"
"882","X-2483.BYL719 + cetuximab + encorafenib","X.2483.uned","control"
"883","X-2483.BYL719 + encorafenib","X.2483.BY19.enib","treatment"
"884","X-2483.BYL719 + encorafenib","X.2483.uned","control"
"885","X-2483.BYL719 + LJM716","X.2483.BY19.LJ16","treatment"
"886","X-2483.BYL719 + LJM716","X.2483.uned","control"
"887","X-2483.cetuximab","X.2483.ceab","treatment"
"888","X-2483.cetuximab","X.2483.uned","control"
"889","X-2483.cetuximab + encorafenib","X.2483.ceab.enib","treatment"
"890","X-2483.cetuximab + encorafenib","X.2483.uned","control"
"891","X-2483.CGM097","X.2483.CG97","treatment"
"892","X-2483.CGM097","X.2483.uned","control"
"893","X-2483.CKX620","X.2483.CK20","treatment"
"894","X-2483.CKX620","X.2483.uned","control"
"895","X-2483.CLR457","X.2483.CL57","treatment"
"896","X-2483.CLR457","X.2483.uned","control"
"897","X-2483.encorafenib","X.2483.enib","treatment"
"898","X-2483.encorafenib","X.2483.uned","control"
"899","X-2483.HDM201","X.2483.HD01","treatment"
"900","X-2483.HDM201","X.2483.uned","control"
"901","X-2483.LEE011","X.2483.LE11","treatment"
"902","X-2483.LEE011","X.2483.uned","control"
"903","X-2483.LFW527 + binimetinib","X.2483.LF27.biib","treatment"
"904","X-2483.LFW527 + binimetinib","X.2483.uned","control"
"905","X-2483.LJC049","X.2483.LJ49","treatment"
"906","X-2483.LJC049","X.2483.uned","control"
"907","X-2483.LKA136","X.2483.LK36","treatment"
"908","X-2483.LKA136","X.2483.uned","control"
"909","X-2484.5FU","X.2484.5FFU","treatment"
"910","X-2484.5FU","X.2484.uned","control"
"911","X-2484.binimetinib","X.2484.biib","treatment"
"912","X-2484.binimetinib","X.2484.uned","control"
"913","X-2484.BKM120","X.2484.BK20","treatment"
"914","X-2484.BKM120","X.2484.uned","control"
"915","X-2484.BKM120 + LJC049","X.2484.BK20.LJ49","treatment"
"916","X-2484.BKM120 + LJC049","X.2484.uned","control"
"917","X-2484.BYL719","X.2484.BY19","treatment"
"918","X-2484.BYL719","X.2484.uned","control"
"919","X-2484.BYL719 + binimetinib","X.2484.BY19.biib","treatment"
"920","X-2484.BYL719 + binimetinib","X.2484.uned","control"
"921","X-2484.BYL719 + cetuximab","X.2484.BY19.ceab","treatment"
"922","X-2484.BYL719 + cetuximab","X.2484.uned","control"
"923","X-2484.BYL719 + cetuximab + encorafenib","X.2484.BY19.ceab.enib","treatment"
"924","X-2484.BYL719 + cetuximab + encorafenib","X.2484.uned","control"
"925","X-2484.BYL719 + encorafenib","X.2484.BY19.enib","treatment"
"926","X-2484.BYL719 + encorafenib","X.2484.uned","control"
"927","X-2484.BYL719 + LJM716","X.2484.BY19.LJ16","treatment"
"928","X-2484.BYL719 + LJM716","X.2484.uned","control"
"929","X-2484.cetuximab","X.2484.ceab","treatment"
"930","X-2484.cetuximab","X.2484.uned","control"
"931","X-2484.cetuximab + encorafenib","X.2484.ceab.enib","treatment"
"932","X-2484.cetuximab + encorafenib","X.2484.uned","control"
"933","X-2484.CGM097","X.2484.CG97","treatment"
"934","X-2484.CGM097","X.2484.uned","control"
"935","X-2484.CKX620","X.2484.CK20","treatment"
"936","X-2484.CKX620","X.2484.uned","control"
"937","X-2484.CLR457","X.2484.CL57","treatment"
"938","X-2484.CLR457","X.2484.uned","control"
"939","X-2484.encorafenib","X.2484.enib","treatment"
"940","X-2484.encorafenib","X.2484.uned","control"
"941","X-2484.HDM201","X.2484.HD01","treatment"
"942","X-2484.HDM201","X.2484.uned","control"
"943","X-2484.LEE011","X.2484.LE11","treatment"
"944","X-2484.LEE011","X.2484.uned","control"
"945","X-2484.LJC049","X.2484.LJ49","treatment"
"946","X-2484.LJC049","X.2484.uned","control"
"947","X-2484.LKA136","X.2484.LK36","treatment"
"948","X-2484.LKA136","X.2484.uned","control"
"949","X-2514.LFW527 + binimetinib","X.2514.LF27.biib","treatment"
"950","X-2538.5FU","X.2538.5FFU","treatment"
"951","X-2538.5FU","X.2538.uned","control"
"952","X-2538.binimetinib","X.2538.biib","treatment"
"953","X-2538.binimetinib","X.2538.uned","control"
"954","X-2538.BKM120","X.2538.BK20","treatment"
"955","X-2538.BKM120","X.2538.uned","control"
"956","X-2538.BKM120 + LJC049","X.2538.BK20.LJ49","treatment"
"957","X-2538.BKM120 + LJC049","X.2538.uned","control"
"958","X-2538.BYL719","X.2538.BY19","treatment"
"959","X-2538.BYL719","X.2538.uned","control"
"960","X-2538.BYL719 + binimetinib","X.2538.BY19.biib","treatment"
"961","X-2538.BYL719 + binimetinib","X.2538.uned","control"
"962","X-2538.BYL719 + cetuximab","X.2538.BY19.ceab","treatment"
"963","X-2538.BYL719 + cetuximab","X.2538.uned","control"
"964","X-2538.BYL719 + cetuximab + encorafenib","X.2538.BY19.ceab.enib","treatment"
"965","X-2538.BYL719 + cetuximab + encorafenib","X.2538.uned","control"
"966","X-2538.BYL719 + encorafenib","X.2538.BY19.enib","treatment"
"967","X-2538.BYL719 + encorafenib","X.2538.uned","control"
"968","X-2538.BYL719 + LJM716","X.2538.BY19.LJ16","treatment"
"969","X-2538.BYL719 + LJM716","X.2538.uned","control"
"970","X-2538.cetuximab","X.2538.ceab","treatment"
"971","X-2538.cetuximab","X.2538.uned","control"
"972","X-2538.cetuximab + encorafenib","X.2538.ceab.enib","treatment"
"973","X-2538.cetuximab + encorafenib","X.2538.uned","control"
"974","X-2538.CGM097","X.2538.CG97","treatment"
"975","X-2538.CGM097","X.2538.uned","control"
"976","X-2538.CKX620","X.2538.CK20","treatment"
"977","X-2538.CKX620","X.2538.uned","control"
"978","X-2538.CLR457","X.2538.CL57","treatment"
"979","X-2538.CLR457","X.2538.uned","control"
"980","X-2538.encorafenib","X.2538.enib","treatment"
"981","X-2538.encorafenib","X.2538.uned","control"
"982","X-2538.HDM201","X.2538.HD01","treatment"
"983","X-2538.HDM201","X.2538.uned","control"
"984","X-2538.LEE011","X.2538.LE11","treatment"
"985","X-2538.LEE011","X.2538.uned","control"
"986","X-2538.LJC049","X.2538.LJ49","treatment"
"987","X-2538.LJC049","X.2538.uned","control"
"988","X-2538.LKA136","X.2538.LK36","treatment"
"989","X-2538.LKA136","X.2538.uned","control"
"990","X-2573.5FU","X.2573.5FFU","treatment"
"991","X-2573.5FU","X.2573.uned","control"
"992","X-2573.binimetinib","X.2573.biib","treatment"
"993","X-2573.binimetinib","X.2573.uned","control"
"994","X-2573.BKM120","X.2573.BK20","treatment"
"995","X-2573.BKM120","X.2573.uned","control"
"996","X-2573.BKM120 + LJC049","X.2573.BK20.LJ49","treatment"
"997","X-2573.BKM120 + LJC049","X.2573.uned","control"
"998","X-2573.BYL719","X.2573.BY19","treatment"
"999","X-2573.BYL719","X.2573.uned","control"
"1000","X-2573.BYL719 + binimetinib","X.2573.BY19.biib","treatment"
"1001","X-2573.BYL719 + binimetinib","X.2573.uned","control"
"1002","X-2573.BYL719 + cetuximab","X.2573.BY19.ceab","treatment"
"1003","X-2573.BYL719 + cetuximab","X.2573.uned","control"
"1004","X-2573.BYL719 + cetuximab + encorafenib","X.2573.BY19.ceab.enib","treatment"
"1005","X-2573.BYL719 + cetuximab + encorafenib","X.2573.uned","control"
"1006","X-2573.BYL719 + encorafenib","X.2573.BY19.enib","treatment"
"1007","X-2573.BYL719 + encorafenib","X.2573.uned","control"
"1008","X-2573.BYL719 + LJM716","X.2573.BY19.LJ16","treatment"
"1009","X-2573.BYL719 + LJM716","X.2573.uned","control"
"1010","X-2573.cetuximab","X.2573.ceab","treatment"
"1011","X-2573.cetuximab","X.2573.uned","control"
"1012","X-2573.cetuximab + encorafenib","X.2573.ceab.enib","treatment"
"1013","X-2573.cetuximab + encorafenib","X.2573.uned","control"
"1014","X-2573.CGM097","X.2573.CG97","treatment"
"1015","X-2573.CGM097","X.2573.uned","control"
"1016","X-2573.CKX620","X.2573.CK20","treatment"
"1017","X-2573.CKX620","X.2573.uned","control"
"1018","X-2573.CLR457","X.2573.CL57","treatment"
"1019","X-2573.CLR457","X.2573.uned","control"
"1020","X-2573.encorafenib","X.2573.enib","treatment"
"1021","X-2573.encorafenib","X.2573.uned","control"
"1022","X-2573.HDM201","X.2573.HD01","treatment"
"1023","X-2573.HDM201","X.2573.uned","control"
"1024","X-2573.LEE011","X.2573.LE11","treatment"
"1025","X-2573.LEE011","X.2573.uned","control"
"1026","X-2573.LFW527 + binimetinib","X.2573.LF27.biib","treatment"
"1027","X-2573.LFW527 + binimetinib","X.2573.uned","control"
"1028","X-2573.LJC049","X.2573.LJ49","treatment"
"1029","X-2573.LJC049","X.2573.uned","control"
"1030","X-2573.LKA136","X.2573.LK36","treatment"
"1031","X-2573.LKA136","X.2573.uned","control"
"1032","X-2659.5FU","X.2659.5FFU","treatment"
"1033","X-2659.5FU","X.2659.uned","control"
"1034","X-2659.binimetinib","X.2659.biib","treatment"
"1035","X-2659.binimetinib","X.2659.uned","control"
"1036","X-2659.BKM120","X.2659.BK20","treatment"
"1037","X-2659.BKM120","X.2659.uned","control"
"1038","X-2659.BKM120 + LJC049","X.2659.BK20.LJ49","treatment"
"1039","X-2659.BKM120 + LJC049","X.2659.uned","control"
"1040","X-2659.BYL719","X.2659.BY19","treatment"
"1041","X-2659.BYL719","X.2659.uned","control"
"1042","X-2659.BYL719 + binimetinib","X.2659.BY19.biib","treatment"
"1043","X-2659.BYL719 + binimetinib","X.2659.uned","control"
"1044","X-2659.BYL719 + cetuximab","X.2659.BY19.ceab","treatment"
"1045","X-2659.BYL719 + cetuximab","X.2659.uned","control"
"1046","X-2659.BYL719 + cetuximab + encorafenib","X.2659.BY19.ceab.enib","treatment"
"1047","X-2659.BYL719 + cetuximab + encorafenib","X.2659.uned","control"
"1048","X-2659.BYL719 + encorafenib","X.2659.BY19.enib","treatment"
"1049","X-2659.BYL719 + encorafenib","X.2659.uned","control"
"1050","X-2659.BYL719 + LJM716","X.2659.BY19.LJ16","treatment"
"1051","X-2659.BYL719 + LJM716","X.2659.uned","control"
"1052","X-2659.cetuximab","X.2659.ceab","treatment"
"1053","X-2659.cetuximab","X.2659.uned","control"
"1054","X-2659.cetuximab + encorafenib","X.2659.ceab.enib","treatment"
"1055","X-2659.cetuximab + encorafenib","X.2659.uned","control"
"1056","X-2659.CGM097","X.2659.CG97","treatment"
"1057","X-2659.CGM097","X.2659.uned","control"
"1058","X-2659.CKX620","X.2659.CK20","treatment"
"1059","X-2659.CKX620","X.2659.uned","control"
"1060","X-2659.CLR457","X.2659.CL57","treatment"
"1061","X-2659.CLR457","X.2659.uned","control"
"1062","X-2659.encorafenib","X.2659.enib","treatment"
"1063","X-2659.encorafenib","X.2659.uned","control"
"1064","X-2659.HDM201","X.2659.HD01","treatment"
"1065","X-2659.HDM201","X.2659.uned","control"
"1066","X-2659.LEE011","X.2659.LE11","treatment"
"1067","X-2659.LEE011","X.2659.uned","control"
"1068","X-2659.LFW527 + binimetinib","X.2659.LF27.biib","treatment"
"1069","X-2659.LFW527 + binimetinib","X.2659.uned","control"
"1070","X-2659.LJC049","X.2659.LJ49","treatment"
"1071","X-2659.LJC049","X.2659.uned","control"
"1072","X-2659.LKA136","X.2659.LK36","treatment"
"1073","X-2659.LKA136","X.2659.uned","control"
"1074","X-2761.LFW527 + binimetinib","X.2761.LF27.biib","treatment"
"1075","X-2822.5FU","X.2822.5FFU","treatment"
"1076","X-2822.5FU","X.2822.uned","control"
"1077","X-2822.binimetinib","X.2822.biib","treatment"
"1078","X-2822.binimetinib","X.2822.uned","control"
"1079","X-2822.BKM120","X.2822.BK20","treatment"
"1080","X-2822.BKM120","X.2822.uned","control"
"1081","X-2822.BKM120 + LJC049","X.2822.BK20.LJ49","treatment"
"1082","X-2822.BKM120 + LJC049","X.2822.uned","control"
"1083","X-2822.BYL719","X.2822.BY19","treatment"
"1084","X-2822.BYL719","X.2822.uned","control"
"1085","X-2822.BYL719 + binimetinib","X.2822.BY19.biib","treatment"
"1086","X-2822.BYL719 + binimetinib","X.2822.uned","control"
"1087","X-2822.BYL719 + cetuximab","X.2822.BY19.ceab","treatment"
"1088","X-2822.BYL719 + cetuximab","X.2822.uned","control"
"1089","X-2822.BYL719 + cetuximab + encorafenib","X.2822.BY19.ceab.enib","treatment"
"1090","X-2822.BYL719 + cetuximab + encorafenib","X.2822.uned","control"
"1091","X-2822.BYL719 + encorafenib","X.2822.BY19.enib","treatment"
"1092","X-2822.BYL719 + encorafenib","X.2822.uned","control"
"1093","X-2822.BYL719 + LJM716","X.2822.BY19.LJ16","treatment"
"1094","X-2822.BYL719 + LJM716","X.2822.uned","control"
"1095","X-2822.cetuximab","X.2822.ceab","treatment"
"1096","X-2822.cetuximab","X.2822.uned","control"
"1097","X-2822.cetuximab + encorafenib","X.2822.ceab.enib","treatment"
"1098","X-2822.cetuximab + encorafenib","X.2822.uned","control"
"1099","X-2822.CGM097","X.2822.CG97","treatment"
"1100","X-2822.CGM097","X.2822.uned","control"
"1101","X-2822.CKX620","X.2822.CK20","treatment"
"1102","X-2822.CKX620","X.2822.uned","control"
"1103","X-2822.CLR457","X.2822.CL57","treatment"
"1104","X-2822.CLR457","X.2822.uned","control"
"1105","X-2822.encorafenib","X.2822.enib","treatment"
"1106","X-2822.encorafenib","X.2822.uned","control"
"1107","X-2822.HDM201","X.2822.HD01","treatment"
"1108","X-2822.HDM201","X.2822.uned","control"
"1109","X-2822.LEE011","X.2822.LE11","treatment"
"1110","X-2822.LEE011","X.2822.uned","control"
"1111","X-2822.LJC049","X.2822.LJ49","treatment"
"1112","X-2822.LJC049","X.2822.uned","control"
"1113","X-2822.LKA136","X.2822.LK36","treatment"
"1114","X-2822.LKA136","X.2822.uned","control"
"1115","X-2846.5FU","X.2846.5FFU","treatment"
"1116","X-2846.5FU","X.2846.uned","control"
"1117","X-2846.binimetinib","X.2846.biib","treatment"
"1118","X-2846.binimetinib","X.2846.uned","control"
"1119","X-2846.BKM120","X.2846.BK20","treatment"
"1120","X-2846.BKM120","X.2846.uned","control"
"1121","X-2846.BKM120 + LJC049","X.2846.BK20.LJ49","treatment"
"1122","X-2846.BKM120 + LJC049","X.2846.uned","control"
"1123","X-2846.BYL719","X.2846.BY19","treatment"
"1124","X-2846.BYL719","X.2846.uned","control"
"1125","X-2846.BYL719 + binimetinib","X.2846.BY19.biib","treatment"
"1126","X-2846.BYL719 + binimetinib","X.2846.uned","control"
"1127","X-2846.BYL719 + cetuximab","X.2846.BY19.ceab","treatment"
"1128","X-2846.BYL719 + cetuximab","X.2846.uned","control"
"1129","X-2846.BYL719 + cetuximab + encorafenib","X.2846.BY19.ceab.enib","treatment"
"1130","X-2846.BYL719 + cetuximab + encorafenib","X.2846.uned","control"
"1131","X-2846.BYL719 + encorafenib","X.2846.BY19.enib","treatment"
"1132","X-2846.BYL719 + encorafenib","X.2846.uned","control"
"1133","X-2846.BYL719 + LJM716","X.2846.BY19.LJ16","treatment"
"1134","X-2846.BYL719 + LJM716","X.2846.uned","control"
"1135","X-2846.cetuximab","X.2846.ceab","treatment"
"1136","X-2846.cetuximab","X.2846.uned","control"
"1137","X-2846.cetuximab + encorafenib","X.2846.ceab.enib","treatment"
"1138","X-2846.cetuximab + encorafenib","X.2846.uned","control"
"1139","X-2846.CGM097","X.2846.CG97","treatment"
"1140","X-2846.CGM097","X.2846.uned","control"
"1141","X-2846.CKX620","X.2846.CK20","treatment"
"1142","X-2846.CKX620","X.2846.uned","control"
"1143","X-2846.CLR457","X.2846.CL57","treatment"
"1144","X-2846.CLR457","X.2846.uned","control"
"1145","X-2846.encorafenib","X.2846.enib","treatment"
"1146","X-2846.encorafenib","X.2846.uned","control"
"1147","X-2846.HDM201","X.2846.HD01","treatment"
"1148","X-2846.HDM201","X.2846.uned","control"
"1149","X-2846.LEE011","X.2846.LE11","treatment"
"1150","X-2846.LEE011","X.2846.uned","control"
"1151","X-2846.LJC049","X.2846.LJ49","treatment"
"1152","X-2846.LJC049","X.2846.uned","control"
"1153","X-2846.LKA136","X.2846.LK36","treatment"
"1154","X-2846.LKA136","X.2846.uned","control"
"1155","X-2861.5FU","X.2861.5FFU","treatment"
"1156","X-2861.5FU","X.2861.uned","control"
"1157","X-2861.binimetinib","X.2861.biib","treatment"
"1158","X-2861.binimetinib","X.2861.uned","control"
"1159","X-2861.BKM120","X.2861.BK20","treatment"
"1160","X-2861.BKM120","X.2861.uned","control"
"1161","X-2861.BKM120 + LJC049","X.2861.BK20.LJ49","treatment"
"1162","X-2861.BKM120 + LJC049","X.2861.uned","control"
"1163","X-2861.BYL719","X.2861.BY19","treatment"
"1164","X-2861.BYL719","X.2861.uned","control"
"1165","X-2861.BYL719 + binimetinib","X.2861.BY19.biib","treatment"
"1166","X-2861.BYL719 + binimetinib","X.2861.uned","control"
"1167","X-2861.BYL719 + cetuximab","X.2861.BY19.ceab","treatment"
"1168","X-2861.BYL719 + cetuximab","X.2861.uned","control"
"1169","X-2861.BYL719 + cetuximab + encorafenib","X.2861.BY19.ceab.enib","treatment"
"1170","X-2861.BYL719 + cetuximab + encorafenib","X.2861.uned","control"
"1171","X-2861.BYL719 + encorafenib","X.2861.BY19.enib","treatment"
"1172","X-2861.BYL719 + encorafenib","X.2861.uned","control"
"1173","X-2861.BYL719 + LJM716","X.2861.BY19.LJ16","treatment"
"1174","X-2861.BYL719 + LJM716","X.2861.uned","control"
"1175","X-2861.cetuximab","X.2861.ceab","treatment"
"1176","X-2861.cetuximab","X.2861.uned","control"
"1177","X-2861.cetuximab + encorafenib","X.2861.ceab.enib","treatment"
"1178","X-2861.cetuximab + encorafenib","X.2861.uned","control"
"1179","X-2861.CGM097","X.2861.CG97","treatment"
"1180","X-2861.CGM097","X.2861.uned","control"
"1181","X-2861.CKX620","X.2861.CK20","treatment"
"1182","X-2861.CKX620","X.2861.uned","control"
"1183","X-2861.CLR457","X.2861.CL57","treatment"
"1184","X-2861.CLR457","X.2861.uned","control"
"1185","X-2861.encorafenib","X.2861.enib","treatment"
"1186","X-2861.encorafenib","X.2861.uned","control"
"1187","X-2861.HDM201","X.2861.HD01","treatment"
"1188","X-2861.HDM201","X.2861.uned","control"
"1189","X-2861.LEE011","X.2861.LE11","treatment"
"1190","X-2861.LEE011","X.2861.uned","control"
"1191","X-2861.LFW527 + binimetinib","X.2861.LF27.biib","treatment"
"1192","X-2861.LFW527 + binimetinib","X.2861.uned","control"
"1193","X-2861.LJC049","X.2861.LJ49","treatment"
"1194","X-2861.LJC049","X.2861.uned","control"
"1195","X-2861.LKA136","X.2861.LK36","treatment"
"1196","X-2861.LKA136","X.2861.uned","control"
"1197","X-3093.5FU","X.3093.5FFU","treatment"
"1198","X-3093.5FU","X.3093.uned","control"
"1199","X-3093.binimetinib","X.3093.biib","treatment"
"1200","X-3093.binimetinib","X.3093.uned","control"
"1201","X-3093.BKM120","X.3093.BK20","treatment"
"1202","X-3093.BKM120","X.3093.uned","control"
"1203","X-3093.BKM120 + LJC049","X.3093.BK20.LJ49","treatment"
"1204","X-3093.BKM120 + LJC049","X.3093.uned","control"
"1205","X-3093.BYL719","X.3093.BY19","treatment"
"1206","X-3093.BYL719","X.3093.uned","control"
"1207","X-3093.BYL719 + binimetinib","X.3093.BY19.biib","treatment"
"1208","X-3093.BYL719 + binimetinib","X.3093.uned","control"
"1209","X-3093.BYL719 + cetuximab","X.3093.BY19.ceab","treatment"
"1210","X-3093.BYL719 + cetuximab","X.3093.uned","control"
"1211","X-3093.BYL719 + cetuximab + encorafenib","X.3093.BY19.ceab.enib","treatment"
"1212","X-3093.BYL719 + cetuximab + encorafenib","X.3093.uned","control"
"1213","X-3093.BYL719 + encorafenib","X.3093.BY19.enib","treatment"
"1214","X-3093.BYL719 + encorafenib","X.3093.uned","control"
"1215","X-3093.BYL719 + LJM716","X.3093.BY19.LJ16","treatment"
"1216","X-3093.BYL719 + LJM716","X.3093.uned","control"
"1217","X-3093.cetuximab","X.3093.ceab","treatment"
"1218","X-3093.cetuximab","X.3093.uned","control"
"1219","X-3093.cetuximab + encorafenib","X.3093.ceab.enib","treatment"
"1220","X-3093.cetuximab + encorafenib","X.3093.uned","control"
"1221","X-3093.CGM097","X.3093.CG97","treatment"
"1222","X-3093.CGM097","X.3093.uned","control"
"1223","X-3093.CKX620","X.3093.CK20","treatment"
"1224","X-3093.CKX620","X.3093.uned","control"
"1225","X-3093.CLR457","X.3093.CL57","treatment"
"1226","X-3093.CLR457","X.3093.uned","control"
"1227","X-3093.encorafenib","X.3093.enib","treatment"
"1228","X-3093.encorafenib","X.3093.uned","control"
"1229","X-3093.HDM201","X.3093.HD01","treatment"
"1230","X-3093.HDM201","X.3093.uned","control"
"1231","X-3093.LEE011","X.3093.LE11","treatment"
"1232","X-3093.LEE011","X.3093.uned","control"
"1233","X-3093.LJC049","X.3093.LJ49","treatment"
"1234","X-3093.LJC049","X.3093.uned","control"
"1235","X-3093.LKA136","X.3093.LK36","treatment"
"1236","X-3093.LKA136","X.3093.uned","control"
"1237","X-3205.5FU","X.3205.5FFU","treatment"
"1238","X-3205.5FU","X.3205.uned","control"
"1239","X-3205.binimetinib","X.3205.biib","treatment"
"1240","X-3205.binimetinib","X.3205.uned","control"
"1241","X-3205.BKM120","X.3205.BK20","treatment"
"1242","X-3205.BKM120","X.3205.uned","control"
"1243","X-3205.BKM120 + LJC049","X.3205.BK20.LJ49","treatment"
"1244","X-3205.BKM120 + LJC049","X.3205.uned","control"
"1245","X-3205.BYL719","X.3205.BY19","treatment"
"1246","X-3205.BYL719","X.3205.uned","control"
"1247","X-3205.BYL719 + binimetinib","X.3205.BY19.biib","treatment"
"1248","X-3205.BYL719 + binimetinib","X.3205.uned","control"
"1249","X-3205.BYL719 + cetuximab","X.3205.BY19.ceab","treatment"
"1250","X-3205.BYL719 + cetuximab","X.3205.uned","control"
"1251","X-3205.BYL719 + cetuximab + encorafenib","X.3205.BY19.ceab.enib","treatment"
"1252","X-3205.BYL719 + cetuximab + encorafenib","X.3205.uned","control"
"1253","X-3205.BYL719 + encorafenib","X.3205.BY19.enib","treatment"
"1254","X-3205.BYL719 + encorafenib","X.3205.uned","control"
"1255","X-3205.BYL719 + LJM716","X.3205.BY19.LJ16","treatment"
"1256","X-3205.BYL719 + LJM716","X.3205.uned","control"
"1257","X-3205.cetuximab","X.3205.ceab","treatment"
"1258","X-3205.cetuximab","X.3205.uned","control"
"1259","X-3205.cetuximab + encorafenib","X.3205.ceab.enib","treatment"
"1260","X-3205.cetuximab + encorafenib","X.3205.uned","control"
"1261","X-3205.CGM097","X.3205.CG97","treatment"
"1262","X-3205.CGM097","X.3205.uned","control"
"1263","X-3205.CKX620","X.3205.CK20","treatment"
"1264","X-3205.CKX620","X.3205.uned","control"
"1265","X-3205.CLR457","X.3205.CL57","treatment"
"1266","X-3205.CLR457","X.3205.uned","control"
"1267","X-3205.encorafenib","X.3205.enib","treatment"
"1268","X-3205.encorafenib","X.3205.uned","control"
"1269","X-3205.HDM201","X.3205.HD01","treatment"
"1270","X-3205.HDM201","X.3205.uned","control"
"1271","X-3205.LEE011","X.3205.LE11","treatment"
"1272","X-3205.LEE011","X.3205.uned","control"
"1273","X-3205.LFW527 + binimetinib","X.3205.LF27.biib","treatment"
"1274","X-3205.LFW527 + binimetinib","X.3205.uned","control"
"1275","X-3205.LJC049","X.3205.LJ49","treatment"
"1276","X-3205.LJC049","X.3205.uned","control"
"1277","X-3205.LKA136","X.3205.LK36","treatment"
"1278","X-3205.LKA136","X.3205.uned","control"
"1279","X-3224.5FU","X.3224.5FFU","treatment"
"1280","X-3224.5FU","X.3224.uned","control"
"1281","X-3224.binimetinib","X.3224.biib","treatment"
"1282","X-3224.binimetinib","X.3224.uned","control"
"1283","X-3224.BKM120","X.3224.BK20","treatment"
"1284","X-3224.BKM120","X.3224.uned","control"
"1285","X-3224.BKM120 + LJC049","X.3224.BK20.LJ49","treatment"
"1286","X-3224.BKM120 + LJC049","X.3224.uned","control"
"1287","X-3224.BYL719","X.3224.BY19","treatment"
"1288","X-3224.BYL719","X.3224.uned","control"
"1289","X-3224.BYL719 + binimetinib","X.3224.BY19.biib","treatment"
"1290","X-3224.BYL719 + binimetinib","X.3224.uned","control"
"1291","X-3224.BYL719 + cetuximab","X.3224.BY19.ceab","treatment"
"1292","X-3224.BYL719 + cetuximab","X.3224.uned","control"
"1293","X-3224.BYL719 + cetuximab + encorafenib","X.3224.BY19.ceab.enib","treatment"
"1294","X-3224.BYL719 + cetuximab + encorafenib","X.3224.uned","control"
"1295","X-3224.BYL719 + encorafenib","X.3224.BY19.enib","treatment"
"1296","X-3224.BYL719 + encorafenib","X.3224.uned","control"
"1297","X-3224.BYL719 + LJM716","X.3224.BY19.LJ16","treatment"
"1298","X-3224.BYL719 + LJM716","X.3224.uned","control"
"1299","X-3224.cetuximab","X.3224.ceab","treatment"
"1300","X-3224.cetuximab","X.3224.uned","control"
"1301","X-3224.cetuximab + encorafenib","X.3224.ceab.enib","treatment"
"1302","X-3224.cetuximab + encorafenib","X.3224.uned","control"
"1303","X-3224.CGM097","X.3224.CG97","treatment"
"1304","X-3224.CGM097","X.3224.uned","control"
"1305","X-3224.CKX620","X.3224.CK20","treatment"
"1306","X-3224.CKX620","X.3224.uned","control"
"1307","X-3224.CLR457","X.3224.CL57","treatment"
"1308","X-3224.CLR457","X.3224.uned","control"
"1309","X-3224.encorafenib","X.3224.enib","treatment"
"1310","X-3224.encorafenib","X.3224.uned","control"
"1311","X-3224.HDM201","X.3224.HD01","treatment"
"1312","X-3224.HDM201","X.3224.uned","control"
"1313","X-3224.LEE011","X.3224.LE11","treatment"
"1314","X-3224.LEE011","X.3224.uned","control"
"1315","X-3224.LJC049","X.3224.LJ49","treatment"
"1316","X-3224.LJC049","X.3224.uned","control"
"1317","X-3224.LKA136","X.3224.LK36","treatment"
"1318","X-3224.LKA136","X.3224.uned","control"
"1319","X-3267.5FU","X.3267.5FFU","treatment"
"1320","X-3267.5FU","X.3267.uned","control"
"1321","X-3267.binimetinib","X.3267.biib","treatment"
"1322","X-3267.binimetinib","X.3267.uned","control"
"1323","X-3267.BKM120","X.3267.BK20","treatment"
"1324","X-3267.BKM120","X.3267.uned","control"
"1325","X-3267.BKM120 + LJC049","X.3267.BK20.LJ49","treatment"
"1326","X-3267.BKM120 + LJC049","X.3267.uned","control"
"1327","X-3267.BYL719","X.3267.BY19","treatment"
"1328","X-3267.BYL719","X.3267.uned","control"
"1329","X-3267.BYL719 + binimetinib","X.3267.BY19.biib","treatment"
"1330","X-3267.BYL719 + binimetinib","X.3267.uned","control"
"1331","X-3267.BYL719 + cetuximab","X.3267.BY19.ceab","treatment"
"1332","X-3267.BYL719 + cetuximab","X.3267.uned","control"
"1333","X-3267.BYL719 + cetuximab + encorafenib","X.3267.BY19.ceab.enib","treatment"
"1334","X-3267.BYL719 + cetuximab + encorafenib","X.3267.uned","control"
"1335","X-3267.BYL719 + encorafenib","X.3267.BY19.enib","treatment"
"1336","X-3267.BYL719 + encorafenib","X.3267.uned","control"
"1337","X-3267.BYL719 + LJM716","X.3267.BY19.LJ16","treatment"
"1338","X-3267.BYL719 + LJM716","X.3267.uned","control"
"1339","X-3267.cetuximab","X.3267.ceab","treatment"
"1340","X-3267.cetuximab","X.3267.uned","control"
"1341","X-3267.cetuximab + encorafenib","X.3267.ceab.enib","treatment"
"1342","X-3267.cetuximab + encorafenib","X.3267.uned","control"
"1343","X-3267.CGM097","X.3267.CG97","treatment"
"1344","X-3267.CGM097","X.3267.uned","control"
"1345","X-3267.CKX620","X.3267.CK20","treatment"
"1346","X-3267.CKX620","X.3267.uned","control"
"1347","X-3267.CLR457","X.3267.CL57","treatment"
"1348","X-3267.CLR457","X.3267.uned","control"
"1349","X-3267.encorafenib","X.3267.enib","treatment"
"1350","X-3267.encorafenib","X.3267.uned","control"
"1351","X-3267.HDM201","X.3267.HD01","treatment"
"1352","X-3267.HDM201","X.3267.uned","control"
"1353","X-3267.LEE011","X.3267.LE11","treatment"
"1354","X-3267.LEE011","X.3267.uned","control"
"1355","X-3267.LJC049","X.3267.LJ49","treatment"
"1356","X-3267.LJC049","X.3267.uned","control"
"1357","X-3267.LKA136","X.3267.LK36","treatment"
"1358","X-3267.LKA136","X.3267.uned","control"
"1359","X-3671.5FU","X.3671.5FFU","treatment"
"1360","X-3671.5FU","X.3671.uned","control"
"1361","X-3671.binimetinib","X.3671.biib","treatment"
"1362","X-3671.binimetinib","X.3671.uned","control"
"1363","X-3671.cetuximab","X.3671.ceab","treatment"
"1364","X-3671.cetuximab","X.3671.uned","control"
"1365","X-3684.LFW527 + binimetinib","X.3684.LF27.biib","treatment"
"1366","X-3792.5FU","X.3792.5FFU","treatment"
"1367","X-3792.5FU","X.3792.uned","control"
"1368","X-3792.binimetinib","X.3792.biib","treatment"
"1369","X-3792.binimetinib","X.3792.uned","control"
"1370","X-3792.BKM120","X.3792.BK20","treatment"
"1371","X-3792.BKM120","X.3792.uned","control"
"1372","X-3792.BKM120 + LJC049","X.3792.BK20.LJ49","treatment"
"1373","X-3792.BKM120 + LJC049","X.3792.uned","control"
"1374","X-3792.BYL719","X.3792.BY19","treatment"
"1375","X-3792.BYL719","X.3792.uned","control"
"1376","X-3792.BYL719 + binimetinib","X.3792.BY19.biib","treatment"
"1377","X-3792.BYL719 + binimetinib","X.3792.uned","control"
"1378","X-3792.BYL719 + cetuximab","X.3792.BY19.ceab","treatment"
"1379","X-3792.BYL719 + cetuximab","X.3792.uned","control"
"1380","X-3792.BYL719 + cetuximab + encorafenib","X.3792.BY19.ceab.enib","treatment"
"1381","X-3792.BYL719 + cetuximab + encorafenib","X.3792.uned","control"
"1382","X-3792.BYL719 + encorafenib","X.3792.BY19.enib","treatment"
"1383","X-3792.BYL719 + encorafenib","X.3792.uned","control"
"1384","X-3792.BYL719 + LJM716","X.3792.BY19.LJ16","treatment"
"1385","X-3792.BYL719 + LJM716","X.3792.uned","control"
"1386","X-3792.cetuximab","X.3792.ceab","treatment"
"1387","X-3792.cetuximab","X.3792.uned","control"
"1388","X-3792.cetuximab + encorafenib","X.3792.ceab.enib","treatment"
"1389","X-3792.cetuximab + encorafenib","X.3792.uned","control"
"1390","X-3792.CGM097","X.3792.CG97","treatment"
"1391","X-3792.CGM097","X.3792.uned","control"
"1392","X-3792.CKX620","X.3792.CK20","treatment"
"1393","X-3792.CKX620","X.3792.uned","control"
"1394","X-3792.CLR457","X.3792.CL57","treatment"
"1395","X-3792.CLR457","X.3792.uned","control"
"1396","X-3792.encorafenib","X.3792.enib","treatment"
"1397","X-3792.encorafenib","X.3792.uned","control"
"1398","X-3792.HDM201","X.3792.HD01","treatment"
"1399","X-3792.HDM201","X.3792.uned","control"
"1400","X-3792.LEE011","X.3792.LE11","treatment"
"1401","X-3792.LEE011","X.3792.uned","control"
"1402","X-3792.LFW527 + binimetinib","X.3792.LF27.biib","treatment"
"1403","X-3792.LFW527 + binimetinib","X.3792.uned","control"
"1404","X-3792.LJC049","X.3792.LJ49","treatment"
"1405","X-3792.LJC049","X.3792.uned","control"
"1406","X-3792.LKA136","X.3792.LK36","treatment"
"1407","X-3792.LKA136","X.3792.uned","control"
"1408","X-4087.5FU","X.4087.5FFU","treatment"
"1409","X-4087.5FU","X.4087.uned","control"
"1410","X-4087.binimetinib","X.4087.biib","treatment"
"1411","X-4087.binimetinib","X.4087.uned","control"
"1412","X-4087.BKM120","X.4087.BK20","treatment"
"1413","X-4087.BKM120","X.4087.uned","control"
"1414","X-4087.BKM120 + LJC049","X.4087.BK20.LJ49","treatment"
"1415","X-4087.BKM120 + LJC049","X.4087.uned","control"
"1416","X-4087.BYL719","X.4087.BY19","treatment"
"1417","X-4087.BYL719","X.4087.uned","control"
"1418","X-4087.BYL719 + binimetinib","X.4087.BY19.biib","treatment"
"1419","X-4087.BYL719 + binimetinib","X.4087.uned","control"
"1420","X-4087.BYL719 + cetuximab","X.4087.BY19.ceab","treatment"
"1421","X-4087.BYL719 + cetuximab","X.4087.uned","control"
"1422","X-4087.BYL719 + cetuximab + encorafenib","X.4087.BY19.ceab.enib","treatment"
"1423","X-4087.BYL719 + cetuximab + encorafenib","X.4087.uned","control"
"1424","X-4087.BYL719 + encorafenib","X.4087.BY19.enib","treatment"
"1425","X-4087.BYL719 + encorafenib","X.4087.uned","control"
"1426","X-4087.BYL719 + LJM716","X.4087.BY19.LJ16","treatment"
"1427","X-4087.BYL719 + LJM716","X.4087.uned","control"
"1428","X-4087.cetuximab","X.4087.ceab","treatment"
"1429","X-4087.cetuximab","X.4087.uned","control"
"1430","X-4087.cetuximab + encorafenib","X.4087.ceab.enib","treatment"
"1431","X-4087.cetuximab + encorafenib","X.4087.uned","control"
"1432","X-4087.CGM097","X.4087.CG97","treatment"
"1433","X-4087.CGM097","X.4087.uned","control"
"1434","X-4087.CKX620","X.4087.CK20","treatment"
"1435","X-4087.CKX620","X.4087.uned","control"
"1436","X-4087.CLR457","X.4087.CL57","treatment"
"1437","X-4087.CLR457","X.4087.uned","control"
"1438","X-4087.encorafenib","X.4087.enib","treatment"
"1439","X-4087.encorafenib","X.4087.uned","control"
"1440","X-4087.HDM201","X.4087.HD01","treatment"
"1441","X-4087.HDM201","X.4087.uned","control"
"1442","X-4087.LEE011","X.4087.LE11","treatment"
"1443","X-4087.LEE011","X.4087.uned","control"
"1444","X-4087.LFW527 + binimetinib","X.4087.LF27.biib","treatment"
"1445","X-4087.LFW527 + binimetinib","X.4087.uned","control"
"1446","X-4087.LJC049","X.4087.LJ49","treatment"
"1447","X-4087.LJC049","X.4087.uned","control"
"1448","X-4087.LKA136","X.4087.LK36","treatment"
"1449","X-4087.LKA136","X.4087.uned","control"
"1450","X-4145.abraxane","X.4145.abne","treatment"
"1451","X-4145.abraxane","X.4145.uned","control"
"1452","X-4145.binimetinib","X.4145.biib","treatment"
"1453","X-4145.binimetinib","X.4145.uned","control"
"1454","X-4145.binimetinib-3.5mpk","X.4145.bipk","treatment"
"1455","X-4145.binimetinib-3.5mpk","X.4145.uned","control"
"1456","X-4145.BKM120","X.4145.BK20","treatment"
"1457","X-4145.BKM120","X.4145.uned","control"
"1458","X-4145.BKM120 + binimetinib","X.4145.BK20.biib","treatment"
"1459","X-4145.BKM120 + binimetinib","X.4145.uned","control"
"1460","X-4145.BKM120 + LDE225","X.4145.BK20.LD25","treatment"
"1461","X-4145.BKM120 + LDE225","X.4145.uned","control"
"1462","X-4145.BYL719","X.4145.BY19","treatment"
"1463","X-4145.BYL719","X.4145.uned","control"
"1464","X-4145.BYL719 + LJM716","X.4145.BY19.LJ16","treatment"
"1465","X-4145.BYL719 + LJM716","X.4145.uned","control"
"1466","X-4145.CLR457","X.4145.CL57","treatment"
"1467","X-4145.CLR457","X.4145.uned","control"
"1468","X-4145.figitumumab","X.4145.fiab","treatment"
"1469","X-4145.figitumumab","X.4145.uned","control"
"1470","X-4145.figitumumab + binimetinib","X.4145.fiab.biib","treatment"
"1471","X-4145.figitumumab + binimetinib","X.4145.uned","control"
"1472","X-4145.gemcitabine-50mpk","X.4145.gepk","treatment"
"1473","X-4145.gemcitabine-50mpk","X.4145.uned","control"
"1474","X-4145.HDM201","X.4145.HD01","treatment"
"1475","X-4145.HDM201","X.4145.uned","control"
"1476","X-4145.INC424","X.4145.IN24","treatment"
"1477","X-4145.INC424","X.4145.uned","control"
"1478","X-4145.INC424 + binimetinib","X.4145.IN24.biib","treatment"
"1479","X-4145.INC424 + binimetinib","X.4145.uned","control"
"1480","X-4145.LEE011","X.4145.LE11","treatment"
"1481","X-4145.LEE011","X.4145.uned","control"
"1482","X-4145.LKA136","X.4145.LK36","treatment"
"1483","X-4145.LKA136","X.4145.uned","control"
"1484","X-4145.trametinib","X.4145.trib","treatment"
"1485","X-4145.trametinib","X.4145.uned","control"
"1486","X-4145.WNT974","X.4145.WN74","treatment"
"1487","X-4145.WNT974","X.4145.uned","control"
"1488","X-5238.LFW527 + binimetinib","X.5238.LF27.biib","treatment"
"1489","X-5254.5FU","X.5254.5FFU","treatment"
"1490","X-5254.5FU","X.5254.uned","control"
"1491","X-5254.binimetinib","X.5254.biib","treatment"
"1492","X-5254.binimetinib","X.5254.uned","control"
"1493","X-5254.BKM120","X.5254.BK20","treatment"
"1494","X-5254.BKM120","X.5254.uned","control"
"1495","X-5254.BKM120 + LJC049","X.5254.BK20.LJ49","treatment"
"1496","X-5254.BKM120 + LJC049","X.5254.uned","control"
"1497","X-5254.BYL719","X.5254.BY19","treatment"
"1498","X-5254.BYL719","X.5254.uned","control"
"1499","X-5254.BYL719 + binimetinib","X.5254.BY19.biib","treatment"
"1500","X-5254.BYL719 + binimetinib","X.5254.uned","control"
"1501","X-5254.BYL719 + cetuximab","X.5254.BY19.ceab","treatment"
"1502","X-5254.BYL719 + cetuximab","X.5254.uned","control"
"1503","X-5254.BYL719 + cetuximab + encorafenib","X.5254.BY19.ceab.enib","treatment"
"1504","X-5254.BYL719 + cetuximab + encorafenib","X.5254.uned","control"
"1505","X-5254.BYL719 + encorafenib","X.5254.BY19.enib","treatment"
"1506","X-5254.BYL719 + encorafenib","X.5254.uned","control"
"1507","X-5254.BYL719 + LJM716","X.5254.BY19.LJ16","treatment"
"1508","X-5254.BYL719 + LJM716","X.5254.uned","control"
"1509","X-5254.cetuximab","X.5254.ceab","treatment"
"1510","X-5254.cetuximab","X.5254.uned","control"
"1511","X-5254.cetuximab + encorafenib","X.5254.ceab.enib","treatment"
"1512","X-5254.cetuximab + encorafenib","X.5254.uned","control"
"1513","X-5254.CGM097","X.5254.CG97","treatment"
"1514","X-5254.CGM097","X.5254.uned","control"
"1515","X-5254.CKX620","X.5254.CK20","treatment"
"1516","X-5254.CKX620","X.5254.uned","control"
"1517","X-5254.CLR457","X.5254.CL57","treatment"
"1518","X-5254.CLR457","X.5254.uned","control"
"1519","X-5254.encorafenib","X.5254.enib","treatment"
"1520","X-5254.encorafenib","X.5254.uned","control"
"1521","X-5254.HDM201","X.5254.HD01","treatment"
"1522","X-5254.HDM201","X.5254.uned","control"
"1523","X-5254.LEE011","X.5254.LE11","treatment"
"1524","X-5254.LEE011","X.5254.uned","control"
"1525","X-5254.LFW527 + binimetinib","X.5254.LF27.biib","treatment"
"1526","X-5254.LFW527 + binimetinib","X.5254.uned","control"
"1527","X-5254.LJC049","X.5254.LJ49","treatment"
"1528","X-5254.LJC049","X.5254.uned","control"
"1529","X-5254.LKA136","X.5254.LK36","treatment"
"1530","X-5254.LKA136","X.5254.uned","control"
"1531","X-5405.5FU","X.5405.5FFU","treatment"
"1532","X-5405.5FU","X.5405.uned","control"
"1533","X-5405.binimetinib","X.5405.biib","treatment"
"1534","X-5405.binimetinib","X.5405.uned","control"
"1535","X-5405.BKM120","X.5405.BK20","treatment"
"1536","X-5405.BKM120","X.5405.uned","control"
"1537","X-5405.BKM120 + LJC049","X.5405.BK20.LJ49","treatment"
"1538","X-5405.BKM120 + LJC049","X.5405.uned","control"
"1539","X-5405.BYL719","X.5405.BY19","treatment"
"1540","X-5405.BYL719","X.5405.uned","control"
"1541","X-5405.BYL719 + binimetinib","X.5405.BY19.biib","treatment"
"1542","X-5405.BYL719 + binimetinib","X.5405.uned","control"
"1543","X-5405.BYL719 + cetuximab","X.5405.BY19.ceab","treatment"
"1544","X-5405.BYL719 + cetuximab","X.5405.uned","control"
"1545","X-5405.BYL719 + cetuximab + encorafenib","X.5405.BY19.ceab.enib","treatment"
"1546","X-5405.BYL719 + cetuximab + encorafenib","X.5405.uned","control"
"1547","X-5405.BYL719 + encorafenib","X.5405.BY19.enib","treatment"
"1548","X-5405.BYL719 + encorafenib","X.5405.uned","control"
"1549","X-5405.BYL719 + LJM716","X.5405.BY19.LJ16","treatment"
"1550","X-5405.BYL719 + LJM716","X.5405.uned","control"
"1551","X-5405.cetuximab","X.5405.ceab","treatment"
"1552","X-5405.cetuximab","X.5405.uned","control"
"1553","X-5405.cetuximab + encorafenib","X.5405.ceab.enib","treatment"
"1554","X-5405.cetuximab + encorafenib","X.5405.uned","control"
"1555","X-5405.CGM097","X.5405.CG97","treatment"
"1556","X-5405.CGM097","X.5405.uned","control"
"1557","X-5405.CKX620","X.5405.CK20","treatment"
"1558","X-5405.CKX620","X.5405.uned","control"
"1559","X-5405.CLR457","X.5405.CL57","treatment"
"1560","X-5405.CLR457","X.5405.uned","control"
"1561","X-5405.encorafenib","X.5405.enib","treatment"
"1562","X-5405.encorafenib","X.5405.uned","control"
"1563","X-5405.HDM201","X.5405.HD01","treatment"
"1564","X-5405.HDM201","X.5405.uned","control"
"1565","X-5405.LEE011","X.5405.LE11","treatment"
"1566","X-5405.LEE011","X.5405.uned","control"
"1567","X-5405.LJC049","X.5405.LJ49","treatment"
"1568","X-5405.LJC049","X.5405.uned","control"
"1569","X-5405.LKA136","X.5405.LK36","treatment"
"1570","X-5405.LKA136","X.5405.uned","control"
"1571","X-5421.LFW527 + binimetinib","X.5421.LF27.biib","treatment"
"1572","X-5438.5FU","X.5438.5FFU","treatment"
"1573","X-5438.5FU","X.5438.uned","control"
"1574","X-5438.binimetinib","X.5438.biib","treatment"
"1575","X-5438.binimetinib","X.5438.uned","control"
"1576","X-5438.BKM120","X.5438.BK20","treatment"
"1577","X-5438.BKM120","X.5438.uned","control"
"1578","X-5438.BKM120 + LJC049","X.5438.BK20.LJ49","treatment"
"1579","X-5438.BKM120 + LJC049","X.5438.uned","control"
"1580","X-5438.BYL719","X.5438.BY19","treatment"
"1581","X-5438.BYL719","X.5438.uned","control"
"1582","X-5438.BYL719 + binimetinib","X.5438.BY19.biib","treatment"
"1583","X-5438.BYL719 + binimetinib","X.5438.uned","control"
"1584","X-5438.BYL719 + cetuximab","X.5438.BY19.ceab","treatment"
"1585","X-5438.BYL719 + cetuximab","X.5438.uned","control"
"1586","X-5438.BYL719 + cetuximab + encorafenib","X.5438.BY19.ceab.enib","treatment"
"1587","X-5438.BYL719 + cetuximab + encorafenib","X.5438.uned","control"
"1588","X-5438.BYL719 + encorafenib","X.5438.BY19.enib","treatment"
"1589","X-5438.BYL719 + encorafenib","X.5438.uned","control"
"1590","X-5438.BYL719 + LJM716","X.5438.BY19.LJ16","treatment"
"1591","X-5438.BYL719 + LJM716","X.5438.uned","control"
"1592","X-5438.cetuximab","X.5438.ceab","treatment"
"1593","X-5438.cetuximab","X.5438.uned","control"
"1594","X-5438.cetuximab + encorafenib","X.5438.ceab.enib","treatment"
"1595","X-5438.cetuximab + encorafenib","X.5438.uned","control"
"1596","X-5438.CGM097","X.5438.CG97","treatment"
"1597","X-5438.CGM097","X.5438.uned","control"
"1598","X-5438.CKX620","X.5438.CK20","treatment"
"1599","X-5438.CKX620","X.5438.uned","control"
"1600","X-5438.CLR457","X.5438.CL57","treatment"
"1601","X-5438.CLR457","X.5438.uned","control"
"1602","X-5438.encorafenib","X.5438.enib","treatment"
"1603","X-5438.encorafenib","X.5438.uned","control"
"1604","X-5438.HDM201","X.5438.HD01","treatment"
"1605","X-5438.HDM201","X.5438.uned","control"
"1606","X-5438.LEE011","X.5438.LE11","treatment"
"1607","X-5438.LEE011","X.5438.uned","control"
"1608","X-5438.LFW527 + binimetinib","X.5438.LF27.biib","treatment"
"1609","X-5438.LFW527 + binimetinib","X.5438.uned","control"
"1610","X-5438.LJC049","X.5438.LJ49","treatment"
"1611","X-5438.LJC049","X.5438.uned","control"
"1612","X-5438.LKA136","X.5438.LK36","treatment"
"1613","X-5438.LKA136","X.5438.uned","control"
"1614","X-5446.5FU","X.5446.5FFU","treatment"
"1615","X-5446.5FU","X.5446.uned","control"
"1616","X-5446.binimetinib","X.5446.biib","treatment"
"1617","X-5446.binimetinib","X.5446.uned","control"
"1618","X-5446.BKM120","X.5446.BK20","treatment"
"1619","X-5446.BKM120","X.5446.uned","control"
"1620","X-5446.BKM120 + LJC049","X.5446.BK20.LJ49","treatment"
"1621","X-5446.BKM120 + LJC049","X.5446.uned","control"
"1622","X-5446.BYL719","X.5446.BY19","treatment"
"1623","X-5446.BYL719","X.5446.uned","control"
"1624","X-5446.BYL719 + binimetinib","X.5446.BY19.biib","treatment"
"1625","X-5446.BYL719 + binimetinib","X.5446.uned","control"
"1626","X-5446.BYL719 + cetuximab","X.5446.BY19.ceab","treatment"
"1627","X-5446.BYL719 + cetuximab","X.5446.uned","control"
"1628","X-5446.BYL719 + cetuximab + encorafenib","X.5446.BY19.ceab.enib","treatment"
"1629","X-5446.BYL719 + cetuximab + encorafenib","X.5446.uned","control"
"1630","X-5446.BYL719 + encorafenib","X.5446.BY19.enib","treatment"
"1631","X-5446.BYL719 + encorafenib","X.5446.uned","control"
"1632","X-5446.BYL719 + LJM716","X.5446.BY19.LJ16","treatment"
"1633","X-5446.BYL719 + LJM716","X.5446.uned","control"
"1634","X-5446.cetuximab","X.5446.ceab","treatment"
"1635","X-5446.cetuximab","X.5446.uned","control"
"1636","X-5446.cetuximab + encorafenib","X.5446.ceab.enib","treatment"
"1637","X-5446.cetuximab + encorafenib","X.5446.uned","control"
"1638","X-5446.CGM097","X.5446.CG97","treatment"
"1639","X-5446.CGM097","X.5446.uned","control"
"1640","X-5446.CKX620","X.5446.CK20","treatment"
"1641","X-5446.CKX620","X.5446.uned","control"
"1642","X-5446.CLR457","X.5446.CL57","treatment"
"1643","X-5446.CLR457","X.5446.uned","control"
"1644","X-5446.encorafenib","X.5446.enib","treatment"
"1645","X-5446.encorafenib","X.5446.uned","control"
"1646","X-5446.HDM201","X.5446.HD01","treatment"
"1647","X-5446.HDM201","X.5446.uned","control"
"1648","X-5446.LEE011","X.5446.LE11","treatment"
"1649","X-5446.LEE011","X.5446.uned","control"
"1650","X-5446.LFW527 + binimetinib","X.5446.LF27.biib","treatment"
"1651","X-5446.LFW527 + binimetinib","X.5446.uned","control"
"1652","X-5446.LJC049","X.5446.LJ49","treatment"
"1653","X-5446.LJC049","X.5446.uned","control"
"1654","X-5446.LKA136","X.5446.LK36","treatment"
"1655","X-5446.LKA136","X.5446.uned","control"
"1656","X-5494.5FU","X.5494.5FFU","treatment"
"1657","X-5494.5FU","X.5494.uned","control"
"1658","X-5494.binimetinib","X.5494.biib","treatment"
"1659","X-5494.binimetinib","X.5494.uned","control"
"1660","X-5494.BKM120","X.5494.BK20","treatment"
"1661","X-5494.BKM120","X.5494.uned","control"
"1662","X-5494.BKM120 + LJC049","X.5494.BK20.LJ49","treatment"
"1663","X-5494.BKM120 + LJC049","X.5494.uned","control"
"1664","X-5494.BYL719","X.5494.BY19","treatment"
"1665","X-5494.BYL719","X.5494.uned","control"
"1666","X-5494.BYL719 + binimetinib","X.5494.BY19.biib","treatment"
"1667","X-5494.BYL719 + binimetinib","X.5494.uned","control"
"1668","X-5494.BYL719 + cetuximab + encorafenib","X.5494.BY19.ceab.enib","treatment"
"1669","X-5494.BYL719 + cetuximab + encorafenib","X.5494.uned","control"
"1670","X-5494.BYL719 + encorafenib","X.5494.BY19.enib","treatment"
"1671","X-5494.BYL719 + encorafenib","X.5494.uned","control"
"1672","X-5494.BYL719 + LJM716","X.5494.BY19.LJ16","treatment"
"1673","X-5494.BYL719 + LJM716","X.5494.uned","control"
"1674","X-5494.cetuximab + encorafenib","X.5494.ceab.enib","treatment"
"1675","X-5494.cetuximab + encorafenib","X.5494.uned","control"
"1676","X-5494.CGM097","X.5494.CG97","treatment"
"1677","X-5494.CGM097","X.5494.uned","control"
"1678","X-5494.CKX620","X.5494.CK20","treatment"
"1679","X-5494.CKX620","X.5494.uned","control"
"1680","X-5494.CLR457","X.5494.CL57","treatment"
"1681","X-5494.CLR457","X.5494.uned","control"
"1682","X-5494.encorafenib","X.5494.enib","treatment"
"1683","X-5494.encorafenib","X.5494.uned","control"
"1684","X-5494.HDM201","X.5494.HD01","treatment"
"1685","X-5494.HDM201","X.5494.uned","control"
"1686","X-5494.LEE011","X.5494.LE11","treatment"
"1687","X-5494.LEE011","X.5494.uned","control"
"1688","X-5494.LJC049","X.5494.LJ49","treatment"
"1689","X-5494.LJC049","X.5494.uned","control"
"1690","X-5494.LKA136","X.5494.LK36","treatment"
"1691","X-5494.LKA136","X.5494.uned","control"
"1692","X-5495.5FU","X.5495.5FFU","treatment"
"1693","X-5495.5FU","X.5495.uned","control"
"1694","X-5495.binimetinib","X.5495.biib","treatment"
"1695","X-5495.binimetinib","X.5495.uned","control"
"1696","X-5495.BKM120","X.5495.BK20","treatment"
"1697","X-5495.BKM120","X.5495.uned","control"
"1698","X-5495.BKM120 + LJC049","X.5495.BK20.LJ49","treatment"
"1699","X-5495.BKM120 + LJC049","X.5495.uned","control"
"1700","X-5495.BYL719","X.5495.BY19","treatment"
"1701","X-5495.BYL719","X.5495.uned","control"
"1702","X-5495.BYL719 + binimetinib","X.5495.BY19.biib","treatment"
"1703","X-5495.BYL719 + binimetinib","X.5495.uned","control"
"1704","X-5495.BYL719 + cetuximab","X.5495.BY19.ceab","treatment"
"1705","X-5495.BYL719 + cetuximab","X.5495.uned","control"
"1706","X-5495.BYL719 + cetuximab + encorafenib","X.5495.BY19.ceab.enib","treatment"
"1707","X-5495.BYL719 + cetuximab + encorafenib","X.5495.uned","control"
"1708","X-5495.BYL719 + encorafenib","X.5495.BY19.enib","treatment"
"1709","X-5495.BYL719 + encorafenib","X.5495.uned","control"
"1710","X-5495.BYL719 + LJM716","X.5495.BY19.LJ16","treatment"
"1711","X-5495.BYL719 + LJM716","X.5495.uned","control"
"1712","X-5495.cetuximab","X.5495.ceab","treatment"
"1713","X-5495.cetuximab","X.5495.uned","control"
"1714","X-5495.cetuximab + encorafenib","X.5495.ceab.enib","treatment"
"1715","X-5495.cetuximab + encorafenib","X.5495.uned","control"
"1716","X-5495.CGM097","X.5495.CG97","treatment"
"1717","X-5495.CGM097","X.5495.uned","control"
"1718","X-5495.CKX620","X.5495.CK20","treatment"
"1719","X-5495.CKX620","X.5495.uned","control"
"1720","X-5495.CLR457","X.5495.CL57","treatment"
"1721","X-5495.CLR457","X.5495.uned","control"
"1722","X-5495.encorafenib","X.5495.enib","treatment"
"1723","X-5495.encorafenib","X.5495.uned","control"
"1724","X-5495.HDM201","X.5495.HD01","treatment"
"1725","X-5495.HDM201","X.5495.uned","control"
"1726","X-5495.LEE011","X.5495.LE11","treatment"
"1727","X-5495.LEE011","X.5495.uned","control"
"1728","X-5495.LFW527 + binimetinib","X.5495.LF27.biib","treatment"
"1729","X-5495.LFW527 + binimetinib","X.5495.uned","control"
"1730","X-5495.LJC049","X.5495.LJ49","treatment"
"1731","X-5495.LJC049","X.5495.uned","control"
"1732","X-5495.LKA136","X.5495.LK36","treatment"
"1733","X-5495.LKA136","X.5495.uned","control"
"1734","X-5536.LFW527 + binimetinib","X.5536.LF27.biib","treatment"
"1735","X-5578.5FU","X.5578.5FFU","treatment"
"1736","X-5578.5FU","X.5578.uned","control"
"1737","X-5578.binimetinib","X.5578.biib","treatment"
"1738","X-5578.binimetinib","X.5578.uned","control"
"1739","X-5578.BKM120","X.5578.BK20","treatment"
"1740","X-5578.BKM120","X.5578.uned","control"
"1741","X-5578.BKM120 + LJC049","X.5578.BK20.LJ49","treatment"
"1742","X-5578.BKM120 + LJC049","X.5578.uned","control"
"1743","X-5578.BYL719","X.5578.BY19","treatment"
"1744","X-5578.BYL719","X.5578.uned","control"
"1745","X-5578.BYL719 + binimetinib","X.5578.BY19.biib","treatment"
"1746","X-5578.BYL719 + binimetinib","X.5578.uned","control"
"1747","X-5578.BYL719 + cetuximab","X.5578.BY19.ceab","treatment"
"1748","X-5578.BYL719 + cetuximab","X.5578.uned","control"
"1749","X-5578.BYL719 + cetuximab + encorafenib","X.5578.BY19.ceab.enib","treatment"
"1750","X-5578.BYL719 + cetuximab + encorafenib","X.5578.uned","control"
"1751","X-5578.BYL719 + encorafenib","X.5578.BY19.enib","treatment"
"1752","X-5578.BYL719 + encorafenib","X.5578.uned","control"
"1753","X-5578.BYL719 + LJM716","X.5578.BY19.LJ16","treatment"
"1754","X-5578.BYL719 + LJM716","X.5578.uned","control"
"1755","X-5578.cetuximab","X.5578.ceab","treatment"
"1756","X-5578.cetuximab","X.5578.uned","control"
"1757","X-5578.cetuximab + encorafenib","X.5578.ceab.enib","treatment"
"1758","X-5578.cetuximab + encorafenib","X.5578.uned","control"
"1759","X-5578.CGM097","X.5578.CG97","treatment"
"1760","X-5578.CGM097","X.5578.uned","control"
"1761","X-5578.CKX620","X.5578.CK20","treatment"
"1762","X-5578.CKX620","X.5578.uned","control"
"1763","X-5578.CLR457","X.5578.CL57","treatment"
"1764","X-5578.CLR457","X.5578.uned","control"
"1765","X-5578.encorafenib","X.5578.enib","treatment"
"1766","X-5578.encorafenib","X.5578.uned","control"
"1767","X-5578.HDM201","X.5578.HD01","treatment"
"1768","X-5578.HDM201","X.5578.uned","control"
"1769","X-5578.LEE011","X.5578.LE11","treatment"
"1770","X-5578.LEE011","X.5578.uned","control"
"1771","X-5578.LJC049","X.5578.LJ49","treatment"
"1772","X-5578.LJC049","X.5578.uned","control"
"1773","X-5578.LKA136","X.5578.LK36","treatment"
"1774","X-5578.LKA136","X.5578.uned","control"
